,date,y2 yield,y5 yield,y10 yield
0,2021Feb,-0.5694,-0.3532,-0.3532
1,2021Jan,-0.5869,-0.4338,-0.4338
2,2020Dec,-0.6284,-0.4689,-0.4689
3,2020Nov,-0.6074,-0.4383,-0.4383
4,2020Oct,-0.5768,-0.3829,-0.3829
5,2020Sep,-0.4960,-0.2653,-0.2653
6,2020Aug,-0.4489,-0.2120,-0.2120
7,2020Jul,-0.4235,-0.1499,-0.1499
8,2020Jun,-0.3573,-0.0353,-0.0353
9,2020May,-0.2406,0.1235,0.1235
10,2020Apr,-0.1282,0.2205,0.2205
11,2020Mar,-0.2973,0.0639,0.0639
12,2020Feb,-0.4852,-0.2377,-0.2377
13,2020Jan,-0.4293,-0.1050,-0.1050
14,2019Dec,-0.4323,-0.0752,-0.0752
15,2019Nov,-0.4196,-0.1085,-0.1085
16,2019Oct,-0.4857,-0.2517,-0.2517
17,2019Sep,-0.5662,-0.3106,-0.3106
18,2019Aug,-0.5361,-0.2041,-0.2041
19,2019Jul,-0.4682,-0.0725,-0.0725
20,2019Jun,-0.3387,0.1399,0.1399
21,2019May,-0.2389,0.3134,0.3134
22,2019Apr,-0.2232,0.3345,0.3345
23,2019Mar,-0.2767,0.3394,0.3394
24,2019Feb,-0.1985,0.4687,0.4687
25,2019Jan,-0.2340,0.4866,0.4866
26,2018Dec,-0.1952,0.6015,0.6015
27,2018Nov,-0.0439,0.8297,0.8297
28,2018Oct,0.0167,0.9456,0.9456
29,2018Sep,-0.1141,0.6809,0.6809
30,2018Aug,-0.0375,0.6547,0.6547
31,2018Jul,-0.1877,0.5096,0.5096
32,2018Jun,-0.1197,0.5730,0.5730
33,2018May,-0.2517,0.3644,0.3644
34,2018Apr,-0.3844,0.2211,0.2211
35,2018Mar,-0.3634,0.3042,0.3042
36,2018Feb,-0.3338,0.3501,0.3501
37,2018Jan,-0.3679,0.1956,0.1956
38,2017Dec,-0.4652,0.0423,0.0423
39,2017Nov,-0.4823,0.0522,0.0522
40,2017Oct,-0.4213,0.1548,0.1548
41,2017Sep,-0.4281,0.1343,0.1343
42,2017Aug,-0.4247,0.1770,0.1770
43,2017Jul,-0.3694,0.2580,0.2580
44,2017Jun,-0.3937,0.1280,0.1280
45,2017May,-0.3757,0.2347,0.2347
46,2017Apr,-0.3469,0.2224,0.2224
47,2017Mar,-0.3689,0.2545,0.2545
48,2017Feb,-0.3788,0.2241,0.2241
49,2017Jan,-0.4086,0.1227,0.1227
50,2016Dec,-0.4179,0.0886,0.0886
51,2016Nov,-0.3021,0.1447,0.1447
52,2016Oct,-0.3962,-0.0404,-0.0404
53,2016Sep,-0.3993,-0.0773,-0.0773
54,2016Aug,-0.3780,-0.1072,-0.1072
55,2016Jul,-0.3617,-0.0642,-0.0642
56,2016Jun,-0.3041,0.0668,0.0668
57,2016May,-0.2800,0.1195,0.1195
58,2016Apr,-0.2393,0.0775,0.0775
59,2016Mar,-0.2494,0.0496,0.0496
60,2016Feb,-0.2289,0.1498,0.1498
61,2016Jan,-0.2046,0.2117,0.2117
62,2015Dec,-0.1402,0.2946,0.2946
63,2015Nov,-0.1442,0.2606,0.2606
64,2015Oct,-0.0963,0.2824,0.2824
65,2015Sep,-0.0384,0.4005,0.4005
66,2015Aug,-0.0478,0.4512,0.4512
67,2015Jul,-0.0034,0.5350,0.5350
68,2015Jun,0.0507,0.6253,0.6253
69,2015May,-0.0231,0.4072,0.4072
70,2015Apr,-0.0377,0.2152,0.2152
71,2015Mar,0.0159,0.2494,0.2494
72,2015Feb,0.0897,0.4111,0.4111
73,2015Jan,0.1708,0.4809,0.4809
74,2014Dec,0.2393,0.5699,0.5699
75,2014Nov,0.2341,0.6391,0.6391
76,2014Oct,0.2239,0.6664,0.6664
77,2014Sep,0.1398,0.6467,0.6467
78,2014Aug,0.1840,0.7256,0.7256
79,2014Jul,0.2477,0.8217,0.8217
80,2014Jun,0.3099,0.9244,0.9244
81,2014May,0.4358,1.1345,1.1345
82,2014Apr,0.4602,1.2446,1.2446
83,2014Mar,0.5040,1.3278,1.3278
84,2014Feb,0.5250,1.4594,1.4594
85,2014Jan,0.6077,1.6394,1.6394
86,2013Dec,0.6946,1.8022,1.8022
87,2013Nov,0.6440,1.6859,1.6859
88,2013Oct,0.8930,1.9524,1.9524
89,2013Sep,1.0695,2.1041,2.1041
90,2013Aug,1.0392,1.9666,1.9666
91,2013Jul,1.0414,1.8648,1.8648
92,2013Jun,1.0546,1.8768,1.8768
93,2013May,0.7602,1.5159,1.5159
94,2013Apr,0.8709,1.7280,1.7280
95,2013Mar,1.0175,1.9058,1.9058
96,2013Feb,1.1023,2.0289,2.0289
97,2013Jan,0.9046,1.7917,1.7917
98,2012Dec,1.0408,1.7671,1.7671
99,2012Nov,1.2109,1.9836,1.9836
100,2012Oct,1.3054,2.0280,2.0280
101,2012Sep,1.3147,2.1343,2.1343
102,2012Aug,1.6701,2.4108,2.4108
103,2012Jul,1.9133,2.6601,2.6601
104,2012Jun,2.1238,2.9075,2.9075
105,2012May,1.7722,2.7846,2.7846
106,2012Apr,1.6901,2.7292,2.7292
107,2012Mar,6.1202,3.5387,3.5387
108,2012Feb,13.5587,5.9446,5.9446
109,2012Jan,11.5892,5.6753,5.6753
110,2011Dec,10.2185,5.7862,5.7862
111,2011Nov,8.7518,5.8855,5.8855
112,2011Oct,6.3560,4.2701,4.2701
113,2011Sep,5.4085,3.9817,3.9817
114,2011Aug,4.2073,3.6673,3.6673
115,2011Jul,4.1355,4.3655,4.3655
116,2011Jun,3.5544,4.1485,4.1485
117,2011May,3.5727,4.1626,4.1626
118,2011Apr,3.3025,4.2586,4.2586
119,2011Mar,2.8100,3.9802,3.9802
120,2011Feb,2.4576,3.9369,3.9369
121,2011Jan,2.2808,3.6413,3.6413
122,2010Dec,2.2277,3.4829,3.4829
123,2010Nov,2.0055,3.2103,3.2103
124,2010Oct,1.6019,2.7048,2.7048
125,2010Sep,1.8283,2.6658,2.6658
126,2010Aug,1.6886,2.5593,2.5593
127,2010Jul,1.7933,2.6934,2.6934
128,2010Jun,1.8143,2.6819,2.6819
129,2010May,1.8395,2.6270,2.6270
130,2010Apr,1.7425,2.6958,2.6958
131,2010Mar,1.3949,2.6000,2.6000
132,2010Feb,1.6238,2.7422,2.7422
133,2010Jan,1.5023,2.7198,2.7198
134,2009Dec,1.3806,2.6433,2.6433
135,2009Nov,1.3378,2.6420,2.6420
136,2009Oct,1.3882,2.6676,2.6676
137,2009Sep,1.2761,2.6862,2.6862
138,2009Aug,1.4263,2.8187,2.8187
139,2009Jul,1.3821,2.8664,2.8664
140,2009Jun,1.6712,3.1432,3.1432
141,2009May,1.5438,2.9906,2.9906
142,2009Apr,1.7079,2.9868,2.9868
143,2009Mar,1.7407,3.0032,3.0032
144,2009Feb,1.8137,2.9982,2.9982
145,2009Jan,2.1330,3.1471,3.1471
146,2008Dec,2.6226,3.2890,3.2890
147,2008Nov,2.7974,3.4410,3.4410
148,2008Oct,3.2713,3.8765,3.8765
149,2008Sep,4.0946,4.2061,4.2061
150,2008Aug,4.2612,4.2836,4.2836
151,2008Jul,4.6128,4.6990,4.6990
152,2008Jun,4.7240,4.7505,4.7505
153,2008May,4.1346,4.1987,4.1987
154,2008Apr,3.8634,4.0028,4.0028
155,2008Mar,3.5431,3.6520,3.6520
156,2008Feb,3.3991,3.6390,3.6390
157,2008Jan,3.7376,3.8615,3.8615
158,2007Dec,4.0573,4.1393,4.1393
159,2007Nov,3.9406,3.9991,3.9991
160,2007Oct,4.1084,4.2114,4.2114
161,2007Sep,4.0984,4.1930,4.1930
162,2007Aug,4.1860,4.2737,4.2737
163,2007Jul,4.4836,4.5539,4.5539
164,2007Jun,4.4541,4.5735,4.5735
165,2007May,4.2580,4.3054,4.3054
166,2007Apr,4.1072,4.1512,4.1512
167,2007Mar,3.9393,3.9464,3.9464
168,2007Feb,3.9522,4.0238,4.0238
169,2007Jan,3.9335,4.0152,4.0152
170,2006Dec,3.7922,3.8295,3.8295
171,2006Nov,3.7106,3.7277,3.7277
172,2006Oct,3.6850,3.7653,3.7653
173,2006Sep,3.6224,3.6955,3.6955
174,2006Aug,3.5859,3.7540,3.7540
175,2006Jul,3.5844,3.8399,3.8399
176,2006Jun,3.4744,3.7796,3.7796
177,2006May,3.3790,3.7412,3.7412
178,2006Apr,3.3678,3.7130,3.7130
179,2006Mar,3.2200,3.4727,3.4727
180,2006Feb,2.9736,3.2569,3.2569
181,2006Jan,2.8626,3.1005,3.1005
182,2005Dec,2.7999,3.0743,3.0743
183,2005Nov,2.7317,3.1043,3.1043
184,2005Oct,2.4529,2.8521,2.8521
185,2005Sep,2.2124,2.5992,2.5992
186,2005Aug,2.2393,2.7047,2.7047
187,2005Jul,2.1869,2.6553,2.6553
188,2005Jun,2.0736,2.5775,2.5775
189,2005May,2.2185,2.7401,2.7401
190,2005Apr,2.3443,2.8931,2.8931
191,2005Mar,2.4943,3.0800,3.0800
192,2005Feb,2.4547,2.9672,2.9672
193,2005Jan,2.3900,2.9228,2.9228
194,2004Dec,2.3612,2.9316,2.9316
195,2004Nov,2.4136,3.0774,3.0774
196,2004Oct,2.4716,3.1821,3.1821
197,2004Sep,2.5954,3.3506,3.3506
198,2004Aug,2.5327,3.3321,3.3321
199,2004Jul,2.6984,3.4858,3.4858
200,2004Jun,2.7367,3.6046,3.6046
201,2004May,2.5469,3.4986,3.4986
202,2004Apr,2.3879,3.3080,3.3080
203,2004Mar,2.1603,3.0611,3.0611
204,2004Feb,2.3764,3.2798,3.2798
205,2004Jan,2.4085,3.3713,3.3713
206,2003Dec,2.5815,3.5888,3.5888
207,2003Nov,2.7002,3.6962,3.6962
208,2003Oct,2.5867,3.5013,3.5013
209,2003Sep,2.5299,3.4247,3.4247
210,2003Aug,2.6320,3.4688,3.4688
211,2003Jul,2.3006,3.1494,3.1494
212,2003Jun,2.0757,2.7920,2.7920
213,2003May,2.3060,3.0226,3.0226
214,2003Apr,2.5898,3.3758,3.3758
215,2003Mar,2.4999,3.2630,3.2630
216,2003Feb,2.4501,3.1752,3.1752
217,2003Jan,2.6360,3.4028,3.4028
218,2002Dec,2.8376,3.6332,3.6332
219,2002Nov,3.0415,3.8051,3.8051
220,2002Oct,3.1281,3.8555,3.8555
221,2002Sep,3.1931,3.8517,3.8517
222,2002Aug,3.4655,4.1548,4.1548
223,2002Jul,3.8032,4.4765,4.4765
224,2002Jun,4.1012,4.7024,4.7024
225,2002May,4.2525,4.8867,4.8867
226,2002Apr,4.2074,4.8568,4.8568
227,2002Mar,4.2460,4.8959,4.8959
228,2002Feb,3.9619,4.5975,4.5975
229,2002Jan,3.8411,4.4786,4.4786
230,2001Dec,3.6574,4.3267,4.3267
231,2001Nov,3.3581,3.9784,3.9784
232,2001Oct,3.4384,4.0544,4.0544
233,2001Sep,3.7730,4.2918,4.2918
234,2001Aug,4.1071,4.4877,4.4877
235,2001Jul,4.3271,4.7020,4.7020
236,2001Jun,4.3415,4.6958,4.6958
237,2001May,4.5101,4.7998,4.7998
238,2001Apr,4.4516,4.6623,4.6623
239,2001Mar,4.3741,4.5579,4.5579
240,2001Feb,4.5173,4.6924,4.6924
241,2001Jan,4.4916,4.6661,4.6661
242,2000Dec,4.7364,4.8178,4.8178
243,2000Nov,5.1168,5.1928,5.1928
244,2000Oct,5.1684,5.2434,5.2434
245,2000Sep,5.2220,5.3285,5.3285
246,2000Aug,5.2833,5.3485,5.3485
247,2000Jul,5.1898,5.3229,5.3229
248,2000Jun,5.0204,5.1933,5.1933
249,2000May,5.0022,5.3383,5.3383
250,2000Apr,4.5759,5.0591,5.0591
251,2000Mar,4.5880,5.1218,5.1218
252,2000Feb,4.5451,5.2263,5.2263
253,2000Jan,4.3800,5.1399,5.1399
254,1999Dec,4.1763,4.7880,4.7880
255,1999Nov,3.9876,4.6656,4.6656
256,1999Oct,4.0733,4.8734,4.8734
257,1999Sep,3.6613,4.5476,4.5476
258,1999Aug,3.5580,4.3894,4.3894
259,1999Jul,3.2938,4.1275,4.1275
260,1999Jun,3.0793,3.7721,3.7721
261,1999May,2.8001,3.3673,3.3673
262,1999Apr,2.8256,3.3037,3.3037
263,1999Mar,3.0843,3.5291,3.5291
264,1999Feb,3.0502,3.4316,3.4316
265,1999Jan,2.9967,3.3010,3.3010
266,1998Dec,3.1600,3.3800,3.3800
267,1998Nov,3.3300,3.6200,3.6200
268,1998Oct,3.3900,3.7700,3.7700
269,1998Sep,3.5500,3.7700,3.7700
270,1998Aug,3.6800,4.0100,4.0100
271,1998Jul,4.0400,4.4100,4.4100
272,1998Jun,4.0800,4.5000,4.5000
273,1998May,4.1300,4.5800,4.5800
274,1998Apr,4.2600,4.7500,4.7500
275,1998Mar,4.1700,4.6100,4.6100
276,1998Feb,4.0800,4.5500,4.5500
277,1998Jan,4.1100,4.6100,4.6100
278,1997Dec,4.3300,4.8700,4.8700
279,1997Nov,4.4200,5.1100,5.1100
280,1997Oct,4.5600,5.2000,5.2000
281,1997Sep,4.3300,5.0100,5.0100
282,1997Aug,4.4200,5.1500,5.1500
283,1997Jul,4.2700,4.9300,4.9300
284,1997Jun,4.1200,4.9300,4.9300
285,1997May,4.3700,5.2700,5.2700
286,1997Apr,4.3900,5.2500,5.2500
287,1997Mar,4.5400,5.4200,5.4200
288,1997Feb,4.2700,4.9400,4.9400
289,1997Jan,4.1300,4.9600,4.9600
290,1996Dec,4.1700,5.0600,5.0600
291,1996Nov,4.3000,5.1200,5.1200
292,1996Oct,4.5700,5.5100,5.5100
293,1996Sep,4.7800,5.7600,5.7600
294,1996Aug,5.1000,6.1700,6.1700
295,1996Jul,5.2000,6.2700,6.2700
296,1996Jun,5.1900,6.3600,6.3600
297,1996May,5.0800,6.2100,6.2100
298,1996Apr,5.0500,6.2100,6.2100
299,1996Mar,5.5700,6.6300,6.6300
300,1996Feb,5.5100,6.5200,6.5200
301,1996Jan,5.3000,6.0900,6.0900
302,1995Dec,5.6900,6.4800,6.4800
303,1995Nov,6.0400,6.8000,6.8000
304,1995Oct,6.3900,7.2000,7.2000
305,1995Sep,6.5400,7.4000,7.4000
306,1995Aug,6.5800,7.4100,7.4100
307,1995Jul,6.8900,7.6400,7.6400
308,1995Jun,7.1800,7.9900,7.9900
309,1995May,6.9700,7.6300,7.6300
310,1995Apr,7.4500,8.2100,8.2100
311,1995Mar,7.6400,8.4400,8.4400
312,1995Feb,7.8100,8.5800,8.5800
313,1995Jan,7.7800,8.6000,8.6000
314,1994Dec,8.0800,8.9100,8.9100
315,1994Nov,7.6000,8.4700,8.4700
316,1994Oct,7.6100,8.6000,8.6000
317,1994Sep,7.7500,8.5400,8.5400
318,1994Aug,7.5600,8.3200,8.3200
319,1994Jul,7.0200,7.6900,7.6900
320,1994Jun,6.9600,7.6500,7.6500
321,1994May,6.6900,7.3100,7.3100
322,1994Apr,6.5700,6.9500,6.9500
323,1994Mar,6.5100,6.6600,6.6600
324,1994Feb,6.4800,6.5700,6.5700
325,1994Jan,5.9900,5.9400,5.9400
326,1993Dec,6.3555,6.4736,6.4736
327,1993Nov,6.6313,6.7073,6.7073
328,1993Oct,6.7718,6.8129,6.8129
329,1993Sep,7.0036,7.0595,7.0595
330,1993Aug,7.0755,7.2258,7.2258
331,1993Jul,7.4940,7.7324,7.7324
332,1993Jun,7.9299,8.1397,8.1397
333,1993May,8.2869,8.4317,8.4317
334,1993Apr,8.7063,8.7155,8.7155
335,1993Mar,8.7625,8.7278,8.7278
336,1993Feb,9.1208,9.0526,9.0526
337,1993Jan,9.4905,9.1375,9.1375
338,1992Dec,9.7771,9.4659,9.4659
339,1992Nov,9.6538,9.4780,9.4780
340,1992Oct,10.2689,10.0171,10.0171
341,1992Sep,10.9677,10.3836,10.3836
342,1992Aug,10.8843,10.5090,10.5090
343,1992Jul,10.6957,10.3128,10.3128
344,1992Jun,10.3452,10.0204,10.0204
345,1992May,10.1071,9.7531,9.7531
346,1992Apr,10.1015,9.7664,9.7664
347,1992Mar,10.0367,9.7470,9.7470
348,1992Feb,9.9497,9.6908,9.6908
349,1992Jan,9.9904,9.7514,9.7514
350,1991Dec,10.3112,10.1121,10.1121
351,1991Nov,10.1668,10.0678,10.0678
352,1991Oct,10.1057,9.9906,9.9906
353,1991Sep,10.1966,10.0969,10.0969
354,1991Aug,10.3634,10.3042,10.3042
355,1991Jul,10.3297,10.2904,10.2904
356,1991Jun,10.0631,10.0553,10.0553
357,1991May,10.0664,9.9959,9.9959
358,1991Apr,10.2371,10.2065,10.2065
359,1991Mar,10.3821,10.3036,10.3036
360,1991Feb,10.6465,10.5756,10.5756
361,1991Jan,10.9529,10.9800,10.9800
362,1990Dec,11.0293,10.9571,10.9571
363,1990Nov,10.8481,10.9421,10.9421
364,1990Oct,10.8495,11.0377,11.0377
365,1990Sep,10.9419,11.1154,11.1154
366,1990Aug,10.9048,10.9669,10.9669
367,1990Jul,10.5860,10.6409,10.6409
368,1990Jun,10.6507,10.7746,10.7746
369,1990May,10.8008,10.9017,10.9017
370,1990Apr,10.9307,10.9432,10.9432
371,1990Mar,11.2241,11.1002,11.1002
372,1990Feb,11.1334,11.0024,11.0024
373,1990Jan,10.8328,10.5881,10.5881
374,1989Dec,10.6390,10.3346,10.3346
375,1989Nov,10.5514,10.2502,10.2502
376,1989Oct,10.1120,9.9566,9.9566
377,1989Sep,9.7834,9.7326,9.7326
378,1989Aug,9.5391,9.5281,9.5281
379,1989Jul,9.6276,9.4001,9.4001
380,1989Jun,9.7335,9.2324,9.2324
381,1989May,9.6420,9.2152,9.2152
382,1989Apr,9.5005,9.1475,9.1475
383,1989Mar,9.6062,9.2420,9.2420
384,1989Feb,9.3695,9.1493,9.1493
385,1989Jan,8.8631,8.8129,8.8129
386,1988Dec,7.5508,8.6739,8.6739
387,1988Nov,7.3255,8.4942,8.4942
388,1988Oct,7.2863,8.4857,8.4857
389,1988Sep,7.3460,8.2697,8.2697
390,1988Aug,7.2980,8.3344,8.3344
391,1988Jul,7.0242,8.2129,8.2129
392,1988Jun,6.6323,7.9863,7.9863
393,1988May,6.7148,8.0809,8.0809
394,1988Apr,6.6192,7.9507,7.9507
395,1988Mar,6.6544,7.9258,7.9258
396,1988Feb,6.9009,7.9373,7.9373
397,1988Jan,7.2778,8.2126,8.2126
398,1987Dec,7.4757,8.2395,8.2395
399,1987Nov,7.6028,8.5077,8.5077
400,1987Oct,8.0216,8.9618,8.9618
401,1987Sep,7.5255,8.5744,8.5744
402,1987Aug,7.4341,8.4207,8.4207
403,1987Jul,7.2498,8.1606,8.1606
404,1987Jun,7.1694,7.9169,7.9169
405,1987May,7.1557,7.7332,7.7332
406,1987Apr,6.9374,7.6973,7.6973
407,1987Mar,6.9104,7.7650,7.7650
408,1987Feb,7.0732,7.8983,7.8983
409,1987Jan,7.2176,7.9143,7.9143
410,1986Dec,7.2458,7.9375,7.9375
411,1986Nov,7.1718,7.9488,7.9488
412,1986Oct,6.8680,7.7786,7.7786
413,1986Sep,6.6785,7.5671,7.5671
414,1986Aug,6.8240,7.6455,7.6455
415,1986Jul,6.9883,7.8646,7.8646
416,1986Jun,7.0294,7.9010,7.9010
417,1986May,7.0199,7.7737,7.7737
418,1986Apr,7.0581,8.0048,8.0048
419,1986Mar,7.3661,8.7023,8.7023
420,1986Feb,7.9563,9.3552,9.3552
421,1986Jan,8.1391,9.4409,9.4409
422,1985Dec,8.0853,9.5565,9.5565
423,1985Nov,8.0641,9.5575,9.5575
424,1985Oct,8.2292,9.5985,9.5985
425,1985Sep,8.3708,9.6286,9.6286
426,1985Aug,8.4768,9.7273,9.7273
427,1985Jul,8.6945,9.8085,9.8085
428,1985Jun,8.7321,9.9680,9.9680
429,1985May,8.8324,10.0916,10.0916
430,1985Apr,9.0690,10.1584,10.1584
431,1985Mar,9.3998,10.2528,10.2528
432,1985Feb,8.4901,10.1279,10.1279
433,1985Jan,8.0467,9.9448,9.9448
434,1984Dec,7.8530,9.9366,9.9366
435,1984Nov,8.1670,10.0999,10.0999
436,1984Oct,8.5809,10.3561,10.3561
437,1984Sep,8.9229,10.7601,10.7601
438,1984Aug,9.2550,10.9436,10.9436
439,1984Jul,9.3585,11.0705,11.0705
440,1984Jun,9.4232,11.2420,11.2420
441,1984May,9.4731,11.2275,11.2275
442,1984Apr,9.1838,11.2524,11.2524
443,1984Mar,9.1687,11.2073,11.2073
444,1984Feb,9.4694,11.3797,11.3797
445,1984Jan,9.5661,11.5885,11.5885
446,1983Dec,10.1097,11.8295,11.8295
447,1983Nov,10.2057,11.7924,11.7924
448,1983Oct,10.0221,11.7317,11.7317
449,1983Sep,10.0872,11.9114,11.9114
450,1983Aug,10.1067,12.0534,12.0534
451,1983Jul,9.6603,12.0728,12.0728
452,1983Jun,9.6816,12.0537,12.0537
453,1983May,9.0626,11.7179,11.7179
454,1983Apr,8.6998,11.4908,11.4908
455,1983Mar,8.5448,11.6284,11.6284
456,1983Feb,8.9229,11.9355,11.9355
457,1983Jan,8.9312,11.7502,11.7502
458,1982Dec,9.2426,12.1746,12.1746
459,1982Nov,9.8530,12.5186,12.5186
460,1982Oct,9.8395,12.4637,12.4637
461,1982Sep,10.0615,12.6570,12.6570
462,1982Aug,10.5495,13.2414,13.2414
463,1982Jul,10.8799,13.7175,13.7175
464,1982Jun,10.7516,13.6793,13.6793
465,1982May,10.4483,13.4438,13.4438
466,1982Apr,10.7262,13.3569,13.3569
467,1982Mar,11.0384,13.5626,13.5626
468,1982Feb,11.4381,14.0545,14.0545
469,1982Jan,11.0675,14.2006,14.2006
470,1981Dec,11.2875,14.1988,14.1988
471,1981Nov,11.3779,14.3514,14.3514
472,1981Oct,11.7392,14.4160,14.4160
473,1981Sep,12.9617,14.9360,14.9360
474,1981Aug,12.8590,14.8486,14.8486
475,1981Jul,12.5175,14.6228,14.6228
476,1981Jun,12.7107,14.2737,14.2737
477,1981May,12.4667,13.6371,13.6371
478,1981Apr,11.8160,12.9332,12.9332
479,1981Mar,11.9946,12.6217,12.6217
480,1981Feb,11.4734,12.3619,12.3619
481,1981Jan,10.7358,11.8407,11.8407
482,1980Dec,10.6584,11.7112,11.7112
483,1980Nov,10.6568,11.6124,11.6124
484,1980Oct,10.2366,11.3731,11.3731
485,1980Sep,10.0167,11.1428,11.1428
486,1980Aug,9.8564,10.8803,10.8803
487,1980Jul,9.8963,10.8595,10.8595
488,1980Jun,9.9921,10.9411,10.9411
489,1980May,10.5917,11.1196,11.1196
490,1980Apr,11.2313,11.5541,11.5541
491,1980Mar,10.9770,11.6311,11.6311
492,1980Feb,10.2571,10.7858,10.7858
493,1980Jan,9.9654,10.4292,10.4292
494,1979Dec,9.7778,10.4300,10.4300
495,1979Nov,9.5207,10.2529,10.2529
496,1979Oct,9.4567,10.2497,10.2497
497,1979Sep,8.9425,9.8669,9.8669
498,1979Aug,8.6685,9.8211,9.8211
499,1979Jul,8.6419,9.8154,9.8154
500,1979Jun,8.5975,9.8527,9.8527
501,1979May,8.6682,9.7630,9.7630
502,1979Apr,8.1374,9.4963,9.4963
503,1979Mar,7.5484,9.3004,9.3004
504,1979Feb,7.3168,9.2384,9.2384
505,1979Jan,6.9655,9.1206,9.1206
506,1978Dec,6.9753,9.0174,9.0174
507,1978Nov,7.0275,8.9718,8.9718
508,1978Oct,6.8552,8.8955,8.8955
509,1978Sep,6.5798,8.7957,8.7957
510,1978Aug,6.5464,8.9511,8.9511
511,1978Jul,6.4917,8.9388,8.9388
512,1978Jun,6.4250,8.6430,8.6430
513,1978May,6.3462,8.5758,8.5758
514,1978Apr,6.0744,8.4970,8.4970
515,1978Mar,4.2260,8.5427,8.5427
516,1978Feb,4.2860,8.5430,8.5430
517,1978Jan,4.4260,8.7129,8.7129
518,1977Dec,4.6760,8.7695,8.7695
519,1977Nov,4.7760,8.9557,8.9557
520,1977Oct,4.7860,9.0885,9.0885
521,1977Sep,4.7860,9.2499,9.2499
522,1977Aug,4.7960,9.4679,9.4679
523,1977Jul,4.9960,9.6101,9.6101
524,1977Jun,5.1660,9.8115,9.8115
525,1977May,5.2160,9.8278,9.8278
526,1977Apr,5.3660,9.9408,9.9408
527,1977Mar,5.5960,10.0178,10.0178
528,1977Feb,6.0160,10.2319,10.2319
529,1977Jan,6.1160,10.1639,10.1639
530,1976Dec,6.2360,10.1754,10.1754
531,1976Nov,6.1660,10.1530,10.1530
532,1976Oct,6.7360,10.3947,10.3947
533,1976Sep,6.7460,10.0474,10.0474
534,1976Aug,6.8560,10.0425,10.0425
535,1976Jul,6.8460,10.1308,10.1308
536,1976Jun,6.4660,10.3640,10.3640
537,1976May,6.3060,9.8391,9.8391
538,1976Apr,5.9560,9.3098,9.3098
539,1976Mar,5.9360,8.9244,8.9244
540,1976Feb,6.0360,8.6087,8.6087
541,1976Jan,6.5360,8.6650,8.6650
542,1975Dec,6.8160,8.6886,8.6886
543,1975Nov,6.8660,8.6940,8.6940
544,1975Oct,6.9260,8.8622,8.8622
545,1975Sep,6.8360,8.8894,8.8894
546,1975Aug,6.7960,8.7901,8.7901
547,1975Jul,6.7660,8.7037,8.7037
548,1975Jun,6.8060,8.7546,8.7546
549,1975May,6.6960,8.8442,8.8442
550,1975Apr,6.9360,9.1103,9.1103
551,1975Mar,7.2360,9.2075,9.2075
552,1975Feb,7.2560,9.2943,9.2943
553,1975Jan,7.9760,9.6024,9.6024
554,1974Dec,8.8760,10.3051,10.3051
555,1974Nov,9.2860,10.4855,10.4855
556,1974Oct,9.8860,10.7314,10.7314
557,1974Sep,10.0760,10.6663,10.6663
558,1974Aug,10.0160,10.4677,10.4677
559,1974Jul,9.8960,10.4463,10.4463
560,1974Jun,9.9360,10.1545,10.1545
561,1974May,9.8960,9.8215,9.8215
562,1974Apr,10.0960,9.2477,9.2477
563,1974Mar,10.1660,9.2384,9.2384
564,1974Feb,10.0060,8.9585,8.9585
565,1974Jan,9.3960,8.5449,8.5449
566,1973Dec,9.5860,8.5807,8.5807
567,1973Nov,9.5160,8.5435,8.5435
568,1973Oct,9.3660,8.5093,8.5093
569,1973Sep,9.7260,8.5645,8.5645
570,1973Aug,9.4060,8.4964,8.4964
571,1973Jul,10.1160,8.7460,8.7460
572,1973Jun,9.6860,8.5872,8.5872
573,1973May,9.3160,8.4164,8.4164
574,1973Apr,8.6860,8.0175,8.0175
575,1973Mar,8.0060,7.8743,7.8743
576,1973Feb,7.5760,7.7427,7.7427
577,1973Jan,7.5960,7.8447,7.8447
578,1972Dec,7.9260,7.8485,7.8485
579,1972Nov,7.7860,7.7389,7.7389
580,1972Oct,7.6160,7.5752,7.5752
581,1972Sep,6.6660,7.3054,7.3054
582,1972Aug,6.8960,7.3201,7.3201
583,1972Jul,6.9560,7.3721,7.3721
584,1972Jun,6.8460,7.3498,7.3498
585,1972May,6.4360,7.2018,7.2018
586,1972Apr,6.6060,7.3042,7.3042
587,1972Mar,6.2160,7.1074,7.1074
588,1972Feb,6.1160,7.0267,7.0267
589,1972Jan,6.3960,7.1186,7.1186
590,1971Dec,7.0960,7.4063,7.4063
591,1971Nov,7.3760,7.5233,7.5233
592,1971Oct,7.4760,7.5666,7.5666
593,1971Sep,7.5960,7.7039,7.7039
594,1971Aug,7.6760,7.7938,7.7938
595,1971Jul,7.8260,7.8790,7.8790
596,1971Jun,7.9160,7.8366,7.8366
597,1971May,7.4260,7.6337,7.6337
598,1971Apr,7.2760,7.5427,7.5427
599,1971Mar,7.5560,7.5198,7.5198
600,1971Feb,7.4260,7.5040,7.5040
601,1971Jan,7.1360,7.5448,7.5448
602,1970Dec,7.4360,7.9801,7.9801
603,1970Nov,7.8860,8.3371,8.3371
604,1970Oct,8.1060,8.4679,8.4679
605,1970Sep,8.2460,8.3890,8.3890
606,1970Aug,7.9660,8.3279,8.3279
607,1970Jul,7.8360,8.3405,8.3405
608,1970Jun,8.5560,8.5485,8.5485
609,1970May,8.3060,8.2471,8.2471
610,1970Apr,8.0160,7.9859,7.9859
611,1970Mar,8.2160,7.9798,7.9798
612,1970Feb,7.6560,7.5881,7.5881
613,1970Jan,7.6160,7.3705,7.3705
