date,y2 yield,y5 yield,y10 yield,inflation_rate,unemployment_rate,gdp_growth_rate,debt_rate_to_GDP
2021Feb,-0.5694,-0.3532,-0.3532,0.9,,,
2021Jan,-0.5869,-0.4338,-0.4338,0.9,8.101594,,
2020Dec,-0.6284,-0.4689,-0.4689,-0.3,8.112401,-4.9,
2020Nov,-0.6074,-0.4383,-0.4383,-0.3,8.143353999999999,-4.9,
2020Oct,-0.5768,-0.3829,-0.3829,-0.3,8.38332,-4.9,
2020Sep,-0.496,-0.2653,-0.2653,-0.3,8.62473,-4.2,97.319
2020Aug,-0.4489,-0.212,-0.212,-0.2,8.671702,-4.2,97.319
2020Jul,-0.4235,-0.1499,-0.1499,0.4,8.4683,-4.2,97.319
2020Jun,-0.3573,-0.0353,-0.0353,0.3,7.9909,-14.6,95.038
2020May,-0.2406,0.1235,0.1235,0.1,7.515845,-14.6,95.038
2020Apr,-0.1282,0.2205,0.2205,0.3,7.291587,-14.6,95.038
2020Mar,-0.2973,0.0639,0.0639,0.7,7.254401,-3.3,86.222
2020Feb,-0.4852,-0.2377,-0.2377,1.2,7.265525,-3.3,86.222
2020Jan,-0.4293,-0.105,-0.105,1.4,7.423397,-3.3,86.222
2019Dec,-0.4323,-0.0752,-0.0752,1.3,7.377210000000002,1.0,84.012
2019Nov,-0.4196,-0.1085,-0.1085,1.0,7.396677,1.0,84.012
2019Oct,-0.4857,-0.2517,-0.2517,0.7,7.378871000000001,1.0,84.012
2019Sep,-0.5662,-0.3106,-0.3106,0.8,7.445722999999999,1.4,85.789
2019Aug,-0.5361,-0.2041,-0.2041,1.0,7.455605999999999,1.4,85.789
2019Jul,-0.4682,-0.0725,-0.0725,1.0,7.499597,1.4,85.789
2019Jun,-0.3387,0.1399,0.1399,1.3,7.488772,1.3,86.171
2019May,-0.2389,0.3134,0.3134,1.2,7.57863,1.3,86.171
2019Apr,-0.2232,0.3345,0.3345,1.7,7.6572460000000016,1.3,86.171
2019Mar,-0.2767,0.3394,0.3394,1.4,7.706724,1.6,86.326
2019Feb,-0.1985,0.4687,0.4687,1.5,7.774542999999999,1.6,86.326
2019Jan,-0.23399999999999999,0.4866,0.4866,1.4,7.807625999999999,1.6,86.326
2018Dec,-0.1952,0.6015,0.6015,1.5,7.829707000000001,1.2,85.756
2018Nov,-0.0439,0.8297,0.8297,1.9,7.915967,1.2,85.756
2018Oct,0.0167,0.9456,0.9456,2.3,8.004841,1.2,85.756
2018Sep,-0.1141,0.6809,0.6809,2.1,7.991239999999999,1.6,87.011
2018Aug,-0.0375,0.6547,0.6547,2.1,8.025967999999999,1.6,87.011
2018Jul,-0.1877,0.5096,0.5096,2.2,8.08784,1.6,87.011
2018Jun,-0.1197,0.573,0.573,2.0,8.192609,2.2,87.164
2018May,-0.2517,0.3644,0.3644,2.0,8.241895,2.2,87.164
2018Apr,-0.3844,0.2211,0.2211,1.2,8.385869,2.2,87.164
2018Mar,-0.3634,0.3042,0.3042,1.4,8.461517,2.5,87.662
2018Feb,-0.3338,0.3501,0.3501,1.1,8.527194999999999,2.5,87.662
2018Jan,-0.3679,0.1956,0.1956,1.3,8.62277,2.5,87.662
2017Dec,-0.4652,0.0423,0.0423,1.3,8.664136,3.1,87.689
2017Nov,-0.4823,0.0522,0.0522,1.5,8.70428,3.1,87.689
2017Oct,-0.4213,0.1548,0.1548,1.4,8.7771,3.1,87.689
2017Sep,-0.4281,0.1343,0.1343,1.6,8.885304,3.0,89.294
2017Aug,-0.4247,0.177,0.177,1.5,8.971966,3.0,89.294
2017Jul,-0.3694,0.258,0.258,1.3,9.043109,3.0,89.294
2017Jun,-0.3937,0.128,0.128,1.3,9.053118,2.7,90.212
2017May,-0.3757,0.2347,0.2347,1.4,9.176358,2.7,90.212
2017Apr,-0.3469,0.2224,0.2224,1.9,9.227369,2.7,90.212
2017Mar,-0.3689,0.2545,0.2545,1.5,9.3779,2.2,90.319
2017Feb,-0.3788,0.2241,0.2241,2.0,9.434207,2.2,90.319
2017Jan,-0.4086,0.1227,0.1227,1.7,9.555957,2.2,90.319
2016Dec,-0.4179,0.0886,0.0886,1.1,9.64552,2.1,90.090
2016Nov,-0.3021,0.1447,0.1447,0.6,9.777979,2.1,90.090
2016Oct,-0.3962,-0.0404,-0.0404,0.5,9.774256,2.1,90.090
2016Sep,-0.3993,-0.0773,-0.0773,0.4,9.86024,1.7,90.940
2016Aug,-0.37799999999999995,-0.1072,-0.1072,0.2,9.882449,1.7,90.940
2016Jul,-0.3617,-0.0642,-0.0642,0.2,9.967831,1.7,90.940
2016Jun,-0.3041,0.0668,0.0668,0.0,10.096697,1.7,92.050
2016May,-0.28,0.1195,0.1195,-0.1,10.14841,1.7,92.050
2016Apr,-0.2393,0.0775,0.0775,-0.3,10.217677,1.7,92.050
2016Mar,-0.2494,0.0496,0.0496,0.0,10.248237,1.9,92.129
2016Feb,-0.2289,0.1498,0.1498,-0.1,10.354137,1.9,92.129
2016Jan,-0.2046,0.2117,0.2117,0.3,10.364418,1.9,92.129
2015Dec,-0.1402,0.2946,0.2946,0.3,10.465147,2.0,90.929
2015Nov,-0.1442,0.2606,0.2606,0.1,10.492348,2.0,90.929
2015Oct,-0.0963,0.2824,0.2824,0.4,10.606916,2.0,90.929
2015Sep,-0.0384,0.4005,0.4005,0.2,10.61523,2.0,92.051
2015Aug,-0.0478,0.4512,0.4512,0.4,10.662823,2.0,92.051
2015Jul,-0.0034,0.535,0.535,0.5,10.773411,2.0,92.051
2015Jun,0.0507,0.6253,0.6253,0.5,10.983844,2.0,92.804
2015May,-0.0231,0.4072,0.4072,0.6,11.0335,2.0,92.804
2015Apr,-0.0377,0.2152,0.2152,0.2,11.095916,2.0,92.804
2015Mar,0.0159,0.2494,0.2494,-0.1,11.192498,1.8,93.521
2015Feb,0.0897,0.4111,0.4111,-0.3,11.204913,1.8,93.521
2015Jan,0.1708,0.4809,0.4809,-0.6,11.258818,1.8,93.521
2014Dec,0.2393,0.5699,0.5699,-0.2,11.35684,1.5,92.779
2014Nov,0.2341,0.6391,0.6391,0.3,11.520226,1.5,92.779
2014Oct,0.2239,0.6664,0.6664,0.4,11.511221,1.5,92.779
2014Sep,0.1398,0.6467,0.6467,0.3,11.512038,1.4,93.224
2014Aug,0.184,0.7256,0.7256,0.4,11.467066,1.4,93.224
2014Jul,0.2477,0.8217,0.8217,0.4,11.567579,1.4,93.224
2014Jun,0.3099,0.9244,0.9244,0.5,11.526524,1.2,93.998
2014May,0.4358,1.1345,1.1345,0.5,11.658802,1.2,93.998
2014Apr,0.4602,1.2446,1.2446,0.7,11.702864,1.2,93.998
2014Mar,0.504,1.3278,1.3278,0.5,11.799253,1.6,93.481
2014Feb,0.525,1.4594,1.4594,0.7,11.877506,1.6,93.481
2014Jan,0.6077,1.6394,1.6394,0.8,11.913097,1.6,93.481
2013Dec,0.6946,1.8022,1.8022,0.8,11.882477,0.7,92.589
2013Nov,0.644,1.6859,1.6859,0.9,11.923012,0.7,92.589
2013Oct,0.893,1.9524,1.9524,0.7,11.951781,0.7,92.589
2013Sep,1.0695,2.1041,2.1041,1.1,12.03208,0.0,92.765
2013Aug,1.0392,1.9666,1.9666,1.3,12.014914,0.0,92.765
2013Jul,1.0414,1.8648,1.8648,1.6,12.044686,0.0,92.765
2013Jun,1.0546,1.8768,1.8768,1.6,12.050583,-0.4,93.478
2013May,0.7602,1.5159,1.5159,1.4,12.080628,-0.4,93.478
2013Apr,0.8709,1.7280000000000002,1.7280000000000002,1.2,12.099649,-0.4,93.478
2013Mar,1.0175,1.9058,1.9058,1.7,12.047881,-1.2,92.532
2013Feb,1.1023,2.0289,2.0289,1.9,12.050925,-1.2,92.532
2013Jan,0.9046,1.7917,1.7917,2.0,12.029154,-1.2,92.532
2012Dec,1.0408,1.7671,1.7671,2.2,11.877816,-1.0,90.703
2012Nov,1.2109,1.9836,1.9836,2.2,11.820323,-1.0,90.703
2012Oct,1.3054,2.028,2.028,2.5,11.734996,-1.0,90.703
2012Sep,1.3147,2.1343,2.1343,2.6,11.593224,-1.0,90.142
2012Aug,1.6701,2.4108,2.4108,2.6,11.514302,-1.0,90.142
2012Jul,1.9133,2.6601,2.6601,2.4,11.466344,-1.0,90.142
2012Jun,2.1238,2.9075,2.9075,2.4,11.399497,-0.8,90.078
2012May,1.7722,2.7846,2.7846,2.4,11.304252,-0.8,90.078
2012Apr,1.6901,2.7292,2.7292,2.6,11.213462,-0.8,90.078
2012Mar,6.1202,3.5387,3.5387,2.7,11.092821,-0.5,88.470
2012Feb,13.5587,5.9446,5.9446,2.7,10.912078,-0.5,88.470
2012Jan,11.5892,5.6753,5.6753,2.7,10.765281,-0.5,88.470
2011Dec,10.2185,5.7862,5.7862,2.8,10.727142,0.6,87.671
2011Nov,8.7518,5.8855,5.8855,3.0,10.598161,0.6,87.671
2011Oct,6.356,4.2701,4.2701,3.0,10.46159,0.6,87.671
2011Sep,5.4085,3.9817,3.9817,3.0,10.377797,1.6,87.149
2011Aug,4.2073,3.6673,3.6673,2.5,10.241603,1.6,87.149
2011Jul,4.1355,4.3655,4.3655,2.6,10.156779,1.6,87.149
2011Jun,3.5544,4.1485,4.1485,2.7,10.051815,1.9,87.242
2011May,3.5727,4.1626,4.1626,2.7,10.001435,1.9,87.242
2011Apr,3.3025,4.2586,4.2586,2.8,9.954249,1.9,87.242
2011Mar,2.81,3.9802,3.9802,2.7,10.01459,2.9,86.467
2011Feb,2.4576,3.9369,3.9369,2.4,10.028362,2.9,86.467
2011Jan,2.2808,3.6413,3.6413,2.3,10.085274,2.9,86.467
2010Dec,2.2277,3.4829,3.4829,2.2,10.12603,2.5,85.790
2010Nov,2.0055,3.2103,3.2103,1.9,10.140179,2.5,85.790
2010Oct,1.6019,2.7048,2.7048,1.9,10.194245,2.5,85.790
2010Sep,1.8283,2.6658,2.6658,1.9,10.181513,2.3,83.329
2010Aug,1.6886,2.5593,2.5593,1.6,10.195064,2.3,83.329
2010Jul,1.7933,2.6934,2.6934,1.7,10.194915,2.3,83.329
2010Jun,1.8143,2.6819,2.6819,1.5,10.256592,2.2,83.240
2010May,1.8395,2.627,2.627,1.7,10.294874,2.2,83.240
2010Apr,1.7425,2.6958,2.6958,1.6,10.303245,2.2,83.240
2010Mar,1.3949,2.6,2.6,1.6,10.233491,1.2,81.951
2010Feb,1.6238,2.7422,2.7422,0.8,10.219508,1.2,81.951
2010Jan,1.5023,2.7198,2.7198,0.9,10.163376,1.2,81.951
2009Dec,1.3806,2.6433,2.6433,0.9,10.136016,-2.4,80.255
2009Nov,1.3378,2.642,2.642,0.5,10.095039,-2.4,80.255
2009Oct,1.3882,2.6676,2.6676,-0.1,10.066338,-2.4,80.255
2009Sep,1.2761,2.6862,2.6862,-0.3,9.993583,-4.5,79.148
2009Aug,1.4263,2.8187,2.8187,-0.2,9.88064,-4.5,79.148
2009Jul,1.3821,2.8664,2.8664,-0.6,9.799061,-4.5,79.148
2009Jun,1.6712,3.1432,3.1432,-0.1,9.694558,-5.3,77.079
2009May,1.5438,2.9906,2.9906,0.0,9.581346,-5.3,77.079
2009Apr,1.7079,2.9868,2.9868,0.6,9.475695,-5.3,77.079
2009Mar,1.7407,3.0032,3.0032,0.6,9.32382,-5.6,73.652
2009Feb,1.8137,2.9982,2.9982,1.2,9.01342,-5.6,73.652
2009Jan,2.133,3.1471,3.1471,1.1,8.710183,-5.6,73.652
2008Dec,2.6226,3.2889999999999997,3.2889999999999997,1.6,8.310639,-2.1,69.669
2008Nov,2.7974,3.4410000000000003,3.4410000000000003,2.1,8.047664,-2.1,69.669
2008Oct,3.2713,3.8765,3.8765,3.2,7.809804,-2.1,69.669
2008Sep,4.0946,4.2061,4.2061,3.6,7.6603020000000015,0.1,67.205
2008Aug,4.2612,4.2836,4.2836,3.8,7.574841,0.1,67.205
2008Jul,4.6128,4.699,4.699,4.1,7.473682000000001,0.1,67.205
2008Jun,4.724,4.7505,4.7505,3.9,7.466677000000002,1.1,67.152
2008May,4.1346,4.1987,4.1987,3.7,7.396257,1.1,67.152
2008Apr,3.8634,4.0028,4.0028,3.3,7.3528660000000015,1.1,67.152
2008Mar,3.5431,3.6519999999999997,3.6519999999999997,3.6,7.273824,2.2,66.837
2008Feb,3.3991,3.639,3.639,3.3,7.3071350000000015,2.2,66.837
2008Jan,3.7376,3.8615,3.8615,3.2,7.330294,2.2,66.837
2007Dec,4.0573,4.1393,4.1393,3.1,7.33292,2.3,65.972
2007Nov,3.9406,3.9991,3.9991,3.1,7.321528,2.3,65.972
2007Oct,4.1084,4.2114,4.2114,2.5,7.345389,2.3,65.972
2007Sep,4.0984,4.1930000000000005,4.1930000000000005,2.1,7.394773,3.0,67.637
2007Aug,4.186,4.2737,4.2737,1.7,7.464563,3.0,67.637
2007Jul,4.4836,4.5539,4.5539,1.8,7.506087,3.0,67.637
2007Jun,4.4541,4.5735,4.5735,1.9,7.456092999999999,3.1,68.630
2007May,4.258,4.3054,4.3054,1.9,7.537402,3.1,68.630
2007Apr,4.1072,4.1512,4.1512,1.9,7.566678,3.1,68.630
2007Mar,3.9393,3.9464,3.9464,1.9,7.6761089999999985,3.5,68.598
2007Feb,3.9522,4.0238,4.0238,1.8,7.764375,3.5,68.598
2007Jan,3.9335,4.0152,4.0152,1.8,7.873307,3.5,68.598
2006Dec,3.7922,3.8295,3.8295,1.9,7.923788,3.8,68.376
2006Nov,3.7106,3.7277,3.7277,1.8,8.048603,3.8,68.376
2006Oct,3.685,3.7653,3.7653,1.6,8.117939,3.8,68.376
2006Sep,3.6224,3.6955,3.6955,1.8,8.172897,3.2,69.934
2006Aug,3.5859,3.7539999999999996,3.7539999999999996,2.3,8.248456,3.2,69.934
2006Jul,3.5844,3.8399,3.8399,2.4,8.284714,3.2,69.934
2006Jun,3.4744,3.7796,3.7796,2.5,8.362411999999999,3.4,70.486
2006May,3.3789999999999996,3.7412,3.7412,2.5,8.495273,3.4,70.486
2006Apr,3.3678,3.713,3.713,2.4,8.575097,3.4,70.486
2006Mar,3.22,3.4727,3.4727,2.2,8.673992,2.8,70.679
2006Feb,2.9736,3.2569,3.2569,2.4,8.756355000000001,2.8,70.679
2006Jan,2.8626,3.1005,3.1005,2.4,8.801692,2.8,70.679
2005Dec,2.7999,3.0743,3.0743,2.3,8.899104,2.2,70.365
2005Nov,2.7317,3.1043,3.1043,2.3,8.952914,2.2,70.365
2005Oct,2.4529,2.8521,2.8521,2.5,9.014496,2.2,70.365
2005Sep,2.2124,2.5992,2.5992,2.6,9.031952,1.9,71.190
2005Aug,2.2393,2.7047,2.7047,2.2,9.02081,1.9,71.190
2005Jul,2.1869,2.6553,2.6553,2.1,9.082497,1.9,71.190
2005Jun,2.0736,2.5775,2.5775,2.0,9.173766,1.4,71.659
2005May,2.2185,2.7401,2.7401,2.0,9.173246,1.4,71.659
2005Apr,2.3443,2.8931,2.8931,2.1,9.245743,1.4,71.659
2005Mar,2.4943,3.08,3.08,2.2,9.165501,1.5,71.003
2005Feb,2.4547,2.9672,2.9672,2.1,9.170426,1.5,71.003
2005Jan,2.39,2.9228,2.9228,1.9,9.159717,1.5,71.003
2004Dec,2.3612,2.9316,2.9316,2.3,9.205872,1.7,69.652
2004Nov,2.4136,3.0774,3.0774,2.2,9.281031,1.7,69.652
2004Oct,2.4716,3.1821,3.1821,2.4,9.262375,1.7,69.652
2004Sep,2.5954,3.3506,3.3506,2.1,9.262144,2.1,71.070
2004Aug,2.5327,3.3321,3.3321,2.4,9.233191,2.1,71.070
2004Jul,2.6984,3.4858,3.4858,2.3,9.207612,2.1,71.070
2004Jun,2.7367,3.6046,3.6046,2.4,9.211849,2.4,71.282
2004May,2.5469,3.4986,3.4986,2.5,9.263228,2.4,71.282
2004Apr,2.3879,3.3080000000000003,3.3080000000000003,2.1,9.275215,2.4,71.282
2004Mar,2.1603,3.0611,3.0611,1.7,9.274855,1.9,70.647
2004Feb,2.3764,3.2798,3.2798,1.6,9.237202,1.9,70.647
2004Jan,2.4085,3.3713,3.3713,1.8,9.209168,1.9,70.647
2003Dec,2.5815,3.5888,3.5888,2.0,9.14286,1.1,69.328
2003Nov,2.7002,3.6962,3.6962,2.2,9.082828999999998,1.1,69.328
2003Oct,2.5867,3.5013,3.5013,2.0,9.078176,1.1,69.328
2003Sep,2.5299,3.4247,3.4247,2.1,9.085638,0.5,70.088
2003Aug,2.6319999999999997,3.4688,3.4688,2.0,9.064793,0.5,70.088
2003Jul,2.3006,3.1494,3.1494,1.9,9.078645,0.5,70.088
2003Jun,2.0757,2.792,2.792,2.0,9.09363,0.3,69.872
2003May,2.306,3.0226,3.0226,1.8,9.037298,0.3,69.872
2003Apr,2.5898,3.3758,3.3758,2.1,9.019284,0.3,69.872
2003Mar,2.4999,3.263,3.263,2.4,9.029611,0.8,69.205
2003Feb,2.4501,3.1752,3.1752,2.4,8.987903999999997,0.8,69.205
2003Jan,2.636,3.4028,3.4028,2.1,8.983023,0.8,69.205
2002Dec,2.8376,3.6332,3.6332,2.3,8.931763,1.2,67.997
2002Nov,3.0415,3.8051,3.8051,2.3,8.859195,1.2,67.997
2002Oct,3.1281,3.8555,3.8555,2.3,8.804739,1.2,67.997
2002Sep,3.1931,3.8517,3.8517,2.1,8.766553,1.2,68.613
2002Aug,3.4655,4.1548,4.1548,2.1,8.722106,1.2,68.613
2002Jul,3.8032,4.4765,4.4765,2.0,8.677067,1.2,68.613
2002Jun,4.1012,4.7024,4.7024,1.9,8.603372,0.9,68.906
2002May,4.2525,4.8867,4.8867,2.1,8.568152,0.9,68.906
2002Apr,4.2074,4.8568,4.8568,2.4,8.537378,0.9,68.906
2002Mar,4.246,4.8959,4.8959,2.5,8.473614,0.4,68.876
2002Feb,3.9619,4.5975,4.5975,2.5,8.502905,0.4,68.876
2002Jan,3.8411,4.4786,4.4786,2.6,8.459089,0.4,68.876
2001Dec,3.6574,4.3267,4.3267,2.1,8.470249,1.4,68.045
2001Nov,3.3581,3.9784,3.9784,2.0,8.459313,1.4,68.045
2001Oct,3.4384,4.0544,4.0544,2.2,8.422804,1.4,68.045
2001Sep,3.773,4.2918,4.2918,2.2,8.396267,1.9,68.410
2001Aug,4.1071,4.4877,4.4877,2.3,8.370303999999999,1.9,68.410
2001Jul,4.3271,4.702,4.702,2.5,8.350686,1.9,68.410
2001Jun,4.3415,4.6958,4.6958,2.9,8.357284,2.3,68.875
2001May,4.5101,4.7998,4.7998,3.1,8.381971,2.3,68.875
2001Apr,4.4516,4.6623,4.6623,2.7,8.362969,2.3,68.875
2001Mar,4.3741,4.5579,4.5579,2.2,8.383344000000001,3.2,68.747
2001Feb,4.5173,4.6924,4.6924,2.0,8.4252,3.2,68.747
2001Jan,4.4916,4.6661,4.6661,2.0,8.463763,3.2,68.747
2000Dec,4.7364,4.8178,4.8178,2.5,8.569877,3.4,69.043
2000Nov,5.1168,5.1928,5.1928,2.5,8.647798,3.4,69.043
2000Oct,5.1684,5.2434,5.2434,2.4,8.713955,3.4,69.043
2000Sep,5.222,5.3285,5.3285,2.4,8.825951,3.9,70.453
2000Aug,5.2833,5.3485,5.3485,2.0,8.882092,3.9,70.453
2000Jul,5.1898,5.3229,5.3229,2.1,8.940774000000003,3.9,70.453
2000Jun,5.0204,5.1933,5.1933,2.1,8.990886,4.5,70.914
2000May,5.0022,5.3383,5.3383,1.8,9.034967,4.5,70.914
2000Apr,4.5759,5.0591,5.0591,1.7,9.092236,4.5,70.914
2000Mar,4.588,5.1218,5.1218,2.0,9.180364,4.2,71.452
2000Feb,4.5451,5.2263,5.2263,1.9,9.275662,4.2,71.452
2000Jan,4.38,5.1399,5.1399,1.9,9.36481,4.2,71.452
1999Dec,4.1763,4.788,4.788,1.7,9.467485,4.0,-
1999Nov,3.9876,4.6656,4.6656,1.5,9.545435,4.0,-
1999Oct,4.0733,4.8734,4.8734,1.3,9.590393,4.0,-
1999Sep,3.6613,4.5476,4.5476,1.2,9.663533,2.9,-
1999Aug,3.5580000000000003,4.3894,4.3894,1.1,9.717363,2.9,-
1999Jul,3.2938,4.1275,4.1275,1.0,9.765453,2.9,-
1999Jun,3.0793,3.7721,3.7721,0.9,9.831801,2.3,-
1999May,2.8001,3.3673,3.3673,0.9,9.871419,2.3,-
1999Apr,2.8256,3.3037,3.3037,1.1,9.920102,2.3,-
1999Mar,3.0843,3.5291,3.5291,0.9,9.933608,2.1,-
1999Feb,3.0502,3.4316,3.4316,0.7,9.990469,2.1,-
1999Jan,2.9967,3.301,3.301,0.8,10.065884,2.1,-
1998Dec,3.16,3.38,3.38,0.8,10.20113,1.7,
1998Nov,3.33,3.62,3.62,0.8,10.265037,1.7,
1998Oct,3.39,3.77,3.77,0.9,10.315214,1.7,
1998Sep,3.55,3.77,3.77,1.0,10.350101,2.9,
1998Aug,3.68,4.01,4.01,1.1,10.412615,2.9,
1998Jul,4.04,4.41,4.41,1.3,10.470519,2.9,
1998Jun,4.08,4.5,4.5,1.3,10.547834,3.1,
1998May,4.13,4.58,4.58,1.3,10.569062,3.1,
1998Apr,4.26,4.75,4.75,1.4,10.611476,3.1,
1998Mar,4.17,4.61,4.61,1.1,,3.9,
1998Feb,4.08,4.55,4.55,1.1,,3.9,
1998Jan,4.11,4.61,4.61,1.1,,3.9,
1997Dec,4.33,4.87,4.87,1.5,,3.4,
1997Nov,4.42,5.11,5.11,1.6,,3.4,
1997Oct,4.56,5.2,5.2,1.5,,3.4,
1997Sep,4.33,5.01,5.01,1.6,,2.7,
1997Aug,4.42,5.15,5.15,1.7,,2.7,
1997Jul,4.27,4.93,4.93,1.5,,2.7,
1997Jun,4.12,4.93,4.93,1.4,,2.5,
1997May,4.37,5.27,5.27,1.4,,2.5,
1997Apr,4.39,5.25,5.25,1.3,,2.5,
1997Mar,4.54,5.42,5.42,1.6,,2.0,
1997Feb,4.27,4.94,4.94,1.8,,2.0,
1997Jan,4.13,4.96,4.96,2.0,,2.0,
1996Dec,4.17,5.06,5.06,,,1.9,
1996Nov,4.3,5.12,5.12,,,1.9,
1996Oct,4.57,5.51,5.51,,,1.9,
1996Sep,4.78,5.76,5.76,,,1.8,
1996Aug,5.1,6.17,6.17,,,1.8,
1996Jul,5.2,6.27,6.27,,,1.8,
1996Jun,5.19,6.36,6.36,,,1.5,
1996May,5.08,6.21,6.21,,,1.5,
1996Apr,5.05,6.21,6.21,,,1.5,
1996Mar,5.57,6.63,6.63,,,1.3,
1996Feb,5.51,6.52,6.52,,,1.3,
1996Jan,5.3,6.09,6.09,,,1.3,
1995Dec,5.69,6.48,6.48,,,,
1995Nov,6.04,6.8,6.8,,,,
1995Oct,6.39,7.2,7.2,,,,
1995Sep,6.54,7.4,7.4,,,,
1995Aug,6.58,7.41,7.41,,,,
1995Jul,6.89,7.64,7.64,,,,
1995Jun,7.18,7.99,7.99,,,,
1995May,6.97,7.63,7.63,,,,
1995Apr,7.45,8.21,8.21,,,,
1995Mar,7.64,8.44,8.44,,,,
1995Feb,7.81,8.58,8.58,,,,
1995Jan,7.78,8.6,8.6,,,,
1994Dec,8.08,8.91,8.91,,,,
1994Nov,7.6,8.47,8.47,,,,
1994Oct,7.61,8.6,8.6,,,,
1994Sep,7.75,8.54,8.54,,,,
1994Aug,7.56,8.32,8.32,,,,
1994Jul,7.02,7.69,7.69,,,,
1994Jun,6.96,7.65,7.65,,,,
1994May,6.69,7.31,7.31,,,,
1994Apr,6.57,6.95,6.95,,,,
1994Mar,6.51,6.66,6.66,,,,
1994Feb,6.48,6.57,6.57,,,,
1994Jan,5.99,5.94,5.94,,,,
1993Dec,6.3555,6.4736,6.4736,,,,
1993Nov,6.6313,6.7073,6.7073,,,,
1993Oct,6.7718,6.8129,6.8129,,,,
1993Sep,7.0036,7.0595,7.0595,,,,
1993Aug,7.0755,7.2258,7.2258,,,,
1993Jul,7.494,7.7324,7.7324,,,,
1993Jun,7.9299,8.1397,8.1397,,,,
1993May,8.2869,8.4317,8.4317,,,,
1993Apr,8.7063,8.7155,8.7155,,,,
1993Mar,8.7625,8.7278,8.7278,,,,
1993Feb,9.1208,9.0526,9.0526,,,,
1993Jan,9.4905,9.1375,9.1375,,,,
1992Dec,9.7771,9.4659,9.4659,,,,
1992Nov,9.6538,9.478,9.478,,,,
1992Oct,10.2689,10.0171,10.0171,,,,
1992Sep,10.9677,10.3836,10.3836,,,,
1992Aug,10.8843,10.509,10.509,,,,
1992Jul,10.6957,10.3128,10.3128,,,,
1992Jun,10.3452,10.0204,10.0204,,,,
1992May,10.1071,9.7531,9.7531,,,,
1992Apr,10.1015,9.7664,9.7664,,,,
1992Mar,10.0367,9.747,9.747,,,,
1992Feb,9.9497,9.6908,9.6908,,,,
1992Jan,9.9904,9.7514,9.7514,,,,
1991Dec,10.3112,10.1121,10.1121,,,,
1991Nov,10.1668,10.0678,10.0678,,,,
1991Oct,10.1057,9.9906,9.9906,,,,
1991Sep,10.1966,10.0969,10.0969,,,,
1991Aug,10.3634,10.3042,10.3042,,,,
1991Jul,10.3297,10.2904,10.2904,,,,
1991Jun,10.0631,10.0553,10.0553,,,,
1991May,10.0664,9.9959,9.9959,,,,
1991Apr,10.2371,10.2065,10.2065,,,,
1991Mar,10.3821,10.3036,10.3036,,,,
1991Feb,10.6465,10.5756,10.5756,,,,
1991Jan,10.9529,10.98,10.98,,,,
1990Dec,11.0293,10.9571,10.9571,,,,
1990Nov,10.8481,10.9421,10.9421,,,,
1990Oct,10.8495,11.0377,11.0377,,,,
1990Sep,10.9419,11.1154,11.1154,,,,
1990Aug,10.9048,10.9669,10.9669,,,,
1990Jul,10.585999999999999,10.6409,10.6409,,,,
1990Jun,10.6507,10.7746,10.7746,,,,
1990May,10.8008,10.9017,10.9017,,,,
1990Apr,10.9307,10.9432,10.9432,,,,
1990Mar,11.2241,11.1002,11.1002,,,,
1990Feb,11.1334,11.0024,11.0024,,,,
1990Jan,10.8328,10.5881,10.5881,,,,
1989Dec,10.639000000000001,10.3346,10.3346,,,,
1989Nov,10.5514,10.2502,10.2502,,,,
1989Oct,10.112,9.9566,9.9566,,,,
1989Sep,9.7834,9.7326,9.7326,,,,
1989Aug,9.5391,9.5281,9.5281,,,,
1989Jul,9.6276,9.4001,9.4001,,,,
1989Jun,9.7335,9.2324,9.2324,,,,
1989May,9.642000000000001,9.2152,9.2152,,,,
1989Apr,9.5005,9.1475,9.1475,,,,
1989Mar,9.6062,9.242,9.242,,,,
1989Feb,9.3695,9.1493,9.1493,,,,
1989Jan,8.8631,8.8129,8.8129,,,,
1988Dec,7.5508,8.6739,8.6739,,,,
1988Nov,7.3255,8.4942,8.4942,,,,
1988Oct,7.2863,8.4857,8.4857,,,,
1988Sep,7.346,8.2697,8.2697,,,,
1988Aug,7.297999999999999,8.3344,8.3344,,,,
1988Jul,7.0242,8.2129,8.2129,,,,
1988Jun,6.6323,7.9863,7.9863,,,,
1988May,6.7148,8.0809,8.0809,,,,
1988Apr,6.6192,7.9507,7.9507,,,,
1988Mar,6.6544,7.9258,7.9258,,,,
1988Feb,6.9009,7.9373,7.9373,,,,
1988Jan,7.2778,8.2126,8.2126,,,,
1987Dec,7.4757,8.2395,8.2395,,,,
1987Nov,7.6028,8.5077,8.5077,,,,
1987Oct,8.0216,8.9618,8.9618,,,,
1987Sep,7.5255,8.5744,8.5744,,,,
1987Aug,7.4341,8.4207,8.4207,,,,
1987Jul,7.2498,8.1606,8.1606,,,,
1987Jun,7.1694,7.9169,7.9169,,,,
1987May,7.1557,7.7332,7.7332,,,,
1987Apr,6.9374,7.6973,7.6973,,,,
1987Mar,6.9104,7.765,7.765,,,,
1987Feb,7.0732,7.8983,7.8983,,,,
1987Jan,7.2176,7.9143,7.9143,,,,
1986Dec,7.2458,7.9375,7.9375,,,,
1986Nov,7.1718,7.9488,7.9488,,,,
1986Oct,6.867999999999999,7.7786,7.7786,,,,
1986Sep,6.6785,7.5671,7.5671,,,,
1986Aug,6.824,7.6455,7.6455,,,,
1986Jul,6.9883,7.8646,7.8646,,,,
1986Jun,7.0294,7.901,7.901,,,,
1986May,7.0199,7.7737,7.7737,,,,
1986Apr,7.0581,8.0048,8.0048,,,,
1986Mar,7.3661,8.7023,8.7023,,,,
1986Feb,7.9563,9.3552,9.3552,,,,
1986Jan,8.1391,9.4409,9.4409,,,,
1985Dec,8.0853,9.5565,9.5565,,,,
1985Nov,8.0641,9.5575,9.5575,,,,
1985Oct,8.2292,9.5985,9.5985,,,,
1985Sep,8.3708,9.6286,9.6286,,,,
1985Aug,8.4768,9.7273,9.7273,,,,
1985Jul,8.6945,9.8085,9.8085,,,,
1985Jun,8.7321,9.968,9.968,,,,
1985May,8.8324,10.0916,10.0916,,,,
1985Apr,9.068999999999999,10.1584,10.1584,,,,
1985Mar,9.3998,10.2528,10.2528,,,,
1985Feb,8.4901,10.1279,10.1279,,,,
1985Jan,8.0467,9.9448,9.9448,,,,
1984Dec,7.853,9.9366,9.9366,,,,
1984Nov,8.167,10.0999,10.0999,,,,
1984Oct,8.5809,10.3561,10.3561,,,,
1984Sep,8.9229,10.7601,10.7601,,,,
1984Aug,9.255,10.9436,10.9436,,,,
1984Jul,9.3585,11.0705,11.0705,,,,
1984Jun,9.4232,11.242,11.242,,,,
1984May,9.4731,11.2275,11.2275,,,,
1984Apr,9.1838,11.2524,11.2524,,,,
1984Mar,9.1687,11.2073,11.2073,,,,
1984Feb,9.4694,11.3797,11.3797,,,,
1984Jan,9.5661,11.5885,11.5885,,,,
1983Dec,10.1097,11.8295,11.8295,,,,
1983Nov,10.2057,11.7924,11.7924,,,,
1983Oct,10.0221,11.7317,11.7317,,,,
1983Sep,10.0872,11.9114,11.9114,,,,
1983Aug,10.1067,12.0534,12.0534,,,,
1983Jul,9.6603,12.0728,12.0728,,,,
1983Jun,9.6816,12.0537,12.0537,,,,
1983May,9.0626,11.7179,11.7179,,,,
1983Apr,8.6998,11.4908,11.4908,,,,
1983Mar,8.5448,11.6284,11.6284,,,,
1983Feb,8.9229,11.9355,11.9355,,,,
1983Jan,8.9312,11.7502,11.7502,,,,
1982Dec,9.2426,12.1746,12.1746,,,,
1982Nov,9.853,12.5186,12.5186,,,,
1982Oct,9.8395,12.4637,12.4637,,,,
1982Sep,10.0615,12.657,12.657,,,,
1982Aug,10.5495,13.2414,13.2414,,,,
1982Jul,10.8799,13.7175,13.7175,,,,
1982Jun,10.7516,13.6793,13.6793,,,,
1982May,10.4483,13.4438,13.4438,,,,
1982Apr,10.7262,13.3569,13.3569,,,,
1982Mar,11.0384,13.5626,13.5626,,,,
1982Feb,11.4381,14.0545,14.0545,,,,
1982Jan,11.0675,14.2006,14.2006,,,,
1981Dec,11.2875,14.1988,14.1988,,,,
1981Nov,11.3779,14.3514,14.3514,,,,
1981Oct,11.7392,14.415999999999999,14.415999999999999,,,,
1981Sep,12.9617,14.936,14.936,,,,
1981Aug,12.859000000000002,14.8486,14.8486,,,,
1981Jul,12.5175,14.6228,14.6228,,,,
1981Jun,12.7107,14.2737,14.2737,,,,
1981May,12.4667,13.6371,13.6371,,,,
1981Apr,11.815999999999999,12.9332,12.9332,,,,
1981Mar,11.9946,12.6217,12.6217,,,,
1981Feb,11.4734,12.3619,12.3619,,,,
1981Jan,10.7358,11.8407,11.8407,,,,
1980Dec,10.6584,11.7112,11.7112,,,,
1980Nov,10.6568,11.6124,11.6124,,,,
1980Oct,10.2366,11.3731,11.3731,,,,
1980Sep,10.0167,11.1428,11.1428,,,,
1980Aug,9.8564,10.8803,10.8803,,,,
1980Jul,9.8963,10.8595,10.8595,,,,
1980Jun,9.9921,10.9411,10.9411,,,,
1980May,10.5917,11.1196,11.1196,,,,
1980Apr,11.2313,11.5541,11.5541,,,,
1980Mar,10.977,11.6311,11.6311,,,,
1980Feb,10.2571,10.7858,10.7858,,,,
1980Jan,9.9654,10.4292,10.4292,,,,
1979Dec,9.7778,10.43,10.43,,,,
1979Nov,9.5207,10.2529,10.2529,,,,
1979Oct,9.4567,10.2497,10.2497,,,,
1979Sep,8.9425,9.8669,9.8669,,,,
1979Aug,8.6685,9.8211,9.8211,,,,
1979Jul,8.6419,9.8154,9.8154,,,,
1979Jun,8.5975,9.8527,9.8527,,,,
1979May,8.6682,9.763,9.763,,,,
1979Apr,8.1374,9.4963,9.4963,,,,
1979Mar,7.5484,9.3004,9.3004,,,,
1979Feb,7.3168,9.2384,9.2384,,,,
1979Jan,6.9655,9.1206,9.1206,,,,
1978Dec,6.9753,9.0174,9.0174,,,,
1978Nov,7.0275,8.9718,8.9718,,,,
1978Oct,6.8552,8.8955,8.8955,,,,
1978Sep,6.5798,8.7957,8.7957,,,,
1978Aug,6.5464,8.9511,8.9511,,,,
1978Jul,6.4917,8.9388,8.9388,,,,
1978Jun,6.425,8.642999999999999,8.642999999999999,,,,
1978May,6.3462,8.5758,8.5758,,,,
1978Apr,6.0744,8.497,8.497,,,,
1978Mar,4.226,8.5427,8.5427,,,,
1978Feb,4.2860000000000005,8.543,8.543,,,,
1978Jan,4.426,8.7129,8.7129,,,,
1977Dec,4.676,8.7695,8.7695,,,,
1977Nov,4.776,8.9557,8.9557,,,,
1977Oct,4.7860000000000005,9.0885,9.0885,,,,
1977Sep,4.7860000000000005,9.2499,9.2499,,,,
1977Aug,4.796,9.4679,9.4679,,,,
1977Jul,4.996,9.6101,9.6101,,,,
1977Jun,5.166,9.8115,9.8115,,,,
1977May,5.216,9.8278,9.8278,,,,
1977Apr,5.3660000000000005,9.9408,9.9408,,,,
1977Mar,5.596,10.0178,10.0178,,,,
1977Feb,6.016,10.2319,10.2319,,,,
1977Jan,6.1160000000000005,10.1639,10.1639,,,,
1976Dec,6.236000000000001,10.1754,10.1754,,,,
1976Nov,6.166,10.152999999999999,10.152999999999999,,,,
1976Oct,6.736000000000001,10.3947,10.3947,,,,
1976Sep,6.746,10.0474,10.0474,,,,
1976Aug,6.856,10.0425,10.0425,,,,
1976Jul,6.846,10.1308,10.1308,,,,
1976Jun,6.466,10.364,10.364,,,,
1976May,6.306,9.8391,9.8391,,,,
1976Apr,5.956,9.3098,9.3098,,,,
1976Mar,5.936,8.9244,8.9244,,,,
1976Feb,6.0360000000000005,8.6087,8.6087,,,,
1976Jan,6.5360000000000005,8.665,8.665,,,,
1975Dec,6.816,8.6886,8.6886,,,,
1975Nov,6.8660000000000005,8.693999999999999,8.693999999999999,,,,
1975Oct,6.926,8.8622,8.8622,,,,
1975Sep,6.836,8.8894,8.8894,,,,
1975Aug,6.796,8.7901,8.7901,,,,
1975Jul,6.766,8.7037,8.7037,,,,
1975Jun,6.806,8.7546,8.7546,,,,
1975May,6.696000000000001,8.8442,8.8442,,,,
1975Apr,6.936,9.1103,9.1103,,,,
1975Mar,7.236000000000001,9.2075,9.2075,,,,
1975Feb,7.256,9.2943,9.2943,,,,
1975Jan,7.976,9.6024,9.6024,,,,
1974Dec,8.876,10.3051,10.3051,,,,
1974Nov,9.286,10.4855,10.4855,,,,
1974Oct,9.886000000000001,10.7314,10.7314,,,,
1974Sep,10.076,10.6663,10.6663,,,,
1974Aug,10.016,10.4677,10.4677,,,,
1974Jul,9.896,10.4463,10.4463,,,,
1974Jun,9.936,10.1545,10.1545,,,,
1974May,9.896,9.8215,9.8215,,,,
1974Apr,10.096,9.2477,9.2477,,,,
1974Mar,10.166,9.2384,9.2384,,,,
1974Feb,10.006,8.9585,8.9585,,,,
1974Jan,9.396,8.5449,8.5449,,,,
1973Dec,9.586,8.5807,8.5807,,,,
1973Nov,9.516,8.5435,8.5435,,,,
1973Oct,9.366,8.5093,8.5093,,,,
1973Sep,9.726,8.5645,8.5645,,,,
1973Aug,9.406,8.4964,8.4964,,,,
1973Jul,10.116,8.746,8.746,,,,
1973Jun,9.686,8.5872,8.5872,,,,
1973May,9.316,8.4164,8.4164,,,,
1973Apr,8.686,8.0175,8.0175,,,,
1973Mar,8.006,7.8743,7.8743,,,,
1973Feb,7.5760000000000005,7.7427,7.7427,,,,
1973Jan,7.596,7.8447,7.8447,,,,
1972Dec,7.926,7.8485,7.8485,,,,
1972Nov,7.7860000000000005,7.7389,7.7389,,,,
1972Oct,7.6160000000000005,7.5752,7.5752,,,,
1972Sep,6.666,7.3054,7.3054,,,,
1972Aug,6.896,7.3201,7.3201,,,,
1972Jul,6.956,7.3721,7.3721,,,,
1972Jun,6.846,7.3498,7.3498,,,,
1972May,6.436,7.2018,7.2018,,,,
1972Apr,6.606,7.3042,7.3042,,,,
1972Mar,6.216,7.1074,7.1074,,,,
1972Feb,6.1160000000000005,7.0267,7.0267,,,,
1972Jan,6.396,7.1186,7.1186,,,,
1971Dec,7.096,7.4063,7.4063,,,,
1971Nov,7.376,7.5233,7.5233,,,,
1971Oct,7.476,7.5666,7.5666,,,,
1971Sep,7.596,7.7039,7.7039,,,,
1971Aug,7.676,7.7938,7.7938,,,,
1971Jul,7.8260000000000005,7.879,7.879,,,,
1971Jun,7.916,7.8366,7.8366,,,,
1971May,7.426,7.6337,7.6337,,,,
1971Apr,7.276,7.5427,7.5427,,,,
1971Mar,7.556,7.5198,7.5198,,,,
1971Feb,7.426,7.504,7.504,,,,
1971Jan,7.136,7.5448,7.5448,,,,
1970Dec,7.436,7.9801,7.9801,,,,
1970Nov,7.886,8.3371,8.3371,,,,
1970Oct,8.106,8.4679,8.4679,,,,
1970Sep,8.246,8.389,8.389,,,,
1970Aug,7.966,8.3279,8.3279,,,,
1970Jul,7.836,8.3405,8.3405,,,,
1970Jun,8.556000000000001,8.5485,8.5485,,,,
1970May,8.306000000000001,8.2471,8.2471,,,,
1970Apr,8.016,7.9859,7.9859,,,,
1970Mar,8.216000000000001,7.9798,7.9798,,,,
1970Feb,7.656000000000001,7.5881,7.5881,,,,
1970Jan,7.6160000000000005,7.3705,7.3705,,,,
