"Series Description","Market yield on U.S. Treasury securities at 3-month   constant maturity, quoted on investment basis","Market yield on U.S. Treasury securities at 6-month   constant maturity, quoted on investment basis","Market yield on U.S. Treasury securities at 1-year   constant maturity, quoted on investment basis","Market yield on U.S. Treasury securities at 10-year   constant maturity, quoted on investment basis","3-month Treasury bill secondary market rate   discount basis","6-month Treasury bill secondary market rate   discount basis","1-year Treasury bill secondary market rate^  discount basis"
"Unit:","Percent:_Per_Year","Percent:_Per_Year","Percent:_Per_Year","Percent:_Per_Year","Percent:_Per_Year","Percent:_Per_Year","Percent:_Per_Year"
"Multiplier:","1","1","1","1","1","1","1"
"Currency:","NA","NA","NA","NA","NA","NA","NA"
"Unique Identifier: ","H15/H15/RIFLGFCM03_N.WF","H15/H15/RIFLGFCM06_N.WF","H15/H15/RIFLGFCY01_N.WF","H15/H15/RIFLGFCY10_N.WF","H15/H15/RIFSGFSM03_N.WF","H15/H15/RIFSGFSM06_N.WF","H15/H15/RIFSGFSY01_N.WF"
"Time Period","RIFLGFCM03_N.WF","RIFLGFCM06_N.WF","RIFLGFCY01_N.WF","RIFLGFCY10_N.WF","RIFSGFSM03_N.WF","RIFSGFSM06_N.WF","RIFSGFSY01_N.WF"
"Date","m3yeild","m6yeild",
1982-01-01,11.84,13.26,13.68,14.07,11.35,12.25,12.23
1982-01-08,12.08,13.36,13.80,14.47,11.59,12.37,12.34
1982-01-15,12.72,13.89,14.39,14.76,12.07,12.85,12.84
1982-01-22,13.47,14.30,14.72,14.73,12.66,13.13,13.11
1982-01-29,13.41,14.05,14.37,14.42,12.79,12.96,12.78
1982-02-05,14.58,14.94,14.85,14.63,13.68,13.72,13.19
1982-02-12,14.97,15.27,15.11,14.84,14.12,14.01,13.43
1982-02-19,14.89,15.30,15.03,14.39,14.06,14.04,13.37
1982-02-26,12.94,13.91,14.08,13.92,12.31,12.84,12.56
1982-03-05,12.92,13.61,13.71,13.70,12.26,12.58,12.27
1982-03-12,13.05,13.57,13.73,13.80,12.47,12.55,12.30
1982-03-19,13.46,13.95,14.08,13.90,12.85,12.89,12.58
1982-03-26,13.36,13.84,14.01,13.86,12.72,12.78,12.50
1982-04-02,14.02,14.30,14.32,14.15,13.32,13.17,12.76
1982-04-09,13.77,14.16,14.20,14.13,13.10,13.06,12.69
1982-04-16,13.38,14.00,14.07,13.85,12.77,12.92,12.59
1982-04-23,12.96,13.64,13.86,13.69,12.39,12.61,12.38
1982-04-30,13.13,13.60,13.75,13.78,12.42,12.57,12.30
1982-05-07,13.31,13.63,13.71,13.73,12.54,12.59,12.29
1982-05-14,13.05,13.37,13.49,13.53,12.38,12.37,12.11
1982-05-21,12.47,12.91,13.18,13.57,11.90,11.97,11.83
1982-05-28,12.03,12.62,13.00,13.66,11.54,11.72,11.71
1982-06-04,12.66,13.08,13.46,13.92,12.09,12.12,12.09
1982-06-11,12.64,13.18,13.59,13.97,12.06,12.19,12.20
1982-06-18,13.06,13.91,14.22,14.36,12.46,12.83,12.68
1982-06-25,13.52,14.40,14.62,14.70,12.88,13.25,13.00
1982-07-02,13.49,14.20,14.41,14.54,12.81,13.08,12.86
1982-07-09,12.82,13.61,13.98,14.30,12.23,12.57,12.50
1982-07-16,12.21,13.02,13.46,13.93,11.71,12.06,12.06
1982-07-23,11.08,12.03,12.50,13.58,10.64,11.21,11.29
1982-07-30,10.99,12.18,12.73,13.85,10.51,11.39,11.50
1982-08-06,10.18,11.59,12.32,13.63,9.80,10.78,11.13
1982-08-13,10.08,11.38,12.23,13.57,9.70,10.70,11.06
1982-08-20,8.15,9.64,10.63,12.60,7.88,9.17,9.71
1982-08-27,7.75,9.54,10.63,12.51,7.50,8.99,9.68
1982-09-03,8.60,10.20,11.12,12.69,8.31,9.59,10.12
1982-09-10,8.63,10.19,11.05,12.58,8.34,9.63,10.09
1982-09-17,8.31,10.12,11.10,12.58,8.03,9.57,10.12
1982-09-24,7.77,9.65,10.67,12.14,7.53,9.21,9.77
1982-10-01,7.77,8.95,10.34,11.78,7.52,8.85,9.51
1982-10-08,8.20,9.28,10.05,11.33,7.93,8.86,9.24
1982-10-15,7.72,8.17,8.82,10.57,7.48,7.82,8.19
1982-10-22,7.78,8.24,8.89,10.67,7.54,7.93,8.28
1982-10-29,8.20,8.77,9.26,10.87,7.93,8.39,8.58
1982-11-05,8.04,8.65,9.03,10.48,7.78,8.24,8.36
1982-11-12,8.35,8.86,9.19,10.53,8.07,8.39,8.47
1982-11-19,8.62,8.90,9.23,10.56,8.31,8.41,8.49
1982-11-26,8.22,8.65,9.07,10.52,7.94,8.18,8.35
1982-12-03,8.41,8.95,9.26,10.69,8.14,8.47,8.53
1982-12-10,8.22,8.76,9.06,10.56,7.96,8.30,8.36
1982-12-17,8.06,8.46,8.83,10.56,7.80,8.04,8.15
1982-12-24,8.17,8.46,8.80,10.56,7.91,8.04,8.14
1982-12-31,8.28,8.50,8.75,10.43,8.01,8.07,8.11
1983-01-07,8.18,8.36,8.62,10.36,7.92,7.95,8.02
1983-01-14,7.91,8.11,8.41,10.32,7.66,7.73,7.82
1983-01-21,8.00,8.25,8.56,10.41,7.75,7.85,7.96
1983-01-28,8.32,8.54,8.83,10.68,8.05,8.13,8.19
1983-02-04,8.44,8.72,8.98,10.88,8.16,8.29,8.34
1983-02-11,8.50,8.77,9.06,10.92,8.22,8.34,8.41
1983-02-18,8.45,8.72,8.98,10.75,8.16,8.28,8.33
1983-02-25,8.17,8.42,8.67,10.40,7.91,8.00,8.06
1983-03-04,8.26,8.42,8.59,10.25,7.97,7.97,7.98
1983-03-11,8.55,8.73,8.93,10.51,8.25,8.25,8.27
1983-03-18,8.61,8.84,9.05,10.52,8.31,8.35,8.37
1983-03-25,8.87,9.09,9.28,10.60,8.55,8.57,8.55
1983-04-01,8.98,9.20,9.34,10.62,8.64,8.67,8.60
1983-04-08,8.76,9.01,9.17,10.52,8.45,8.51,8.46
1983-04-15,8.45,8.72,8.94,10.37,8.16,8.25,8.26
1983-04-22,8.42,8.76,8.98,10.38,8.12,8.27,8.29
1983-04-29,8.42,8.63,8.83,10.33,8.11,8.16,8.16
1983-05-06,8.31,8.47,8.64,10.19,8.03,8.02,8.00
1983-05-13,8.33,8.51,8.70,10.21,8.03,8.05,8.04
1983-05-20,8.45,8.69,8.93,10.45,8.14,8.21,8.24
1983-05-27,8.80,9.01,9.23,10.59,8.48,8.50,8.51
1983-06-03,8.90,9.21,9.43,10.79,8.57,8.68,8.68
1983-06-10,9.10,9.44,9.64,10.87,8.76,8.88,8.85
1983-06-17,9.03,9.35,9.54,10.71,8.70,8.80,8.77
1983-06-24,9.34,9.60,9.82,10.87,8.97,9.02,9.02
1983-07-01,9.22,9.54,9.78,11.01,8.88,8.97,8.98
1983-07-08,9.43,9.85,10.12,11.25,9.07,9.24,9.27
1983-07-15,9.49,9.91,10.27,11.40,9.10,9.30,9.39
1983-07-22,9.46,9.82,10.18,11.36,9.10,9.24,9.33
1983-07-29,9.49,9.91,10.31,11.57,9.13,9.33,9.44
1983-08-05,9.80,10.23,10.63,11.95,9.41,9.58,9.71
1983-08-12,9.94,10.34,10.77,12.10,9.52,9.67,9.80
1983-08-19,9.75,10.10,10.43,11.71,9.35,9.45,9.50
1983-08-26,9.52,9.94,10.27,11.58,9.15,9.32,9.37
1983-09-02,9.63,10.14,10.57,11.94,9.26,9.52,9.64
1983-09-09,9.53,9.98,10.38,11.76,9.13,9.35,9.47
1983-09-16,9.44,9.80,10.21,11.69,9.08,9.21,9.33
1983-09-23,9.31,9.60,10.01,11.59,8.94,9.02,9.15
1983-09-30,9.11,9.46,9.89,11.46,8.75,8.89,9.04
1983-10-07,9.01,9.40,9.77,11.38,8.62,8.81,8.93
1983-10-14,9.15,9.52,9.92,11.60,8.79,8.97,9.10
1983-10-21,8.86,9.25,9.69,11.47,8.53,8.72,8.89
1983-10-28,9.00,9.43,9.86,11.68,8.66,8.88,9.02
1983-11-04,8.91,9.34,9.92,11.75,8.58,8.79,9.05
1983-11-11,9.12,9.49,9.95,11.80,8.77,8.93,9.09
1983-11-18,9.16,9.52,9.92,11.70,8.81,8.97,9.08
1983-11-25,9.13,9.48,9.90,11.59,8.79,8.94,9.06
1983-12-02,9.25,9.62,10.01,11.64,8.88,9.05,9.15
1983-12-09,9.32,9.74,10.10,11.82,8.97,9.16,9.23
1983-12-16,9.45,9.83,10.15,11.93,9.09,9.24,9.28
1983-12-23,9.36,9.78,10.13,11.82,9.00,9.19,9.25
1983-12-30,9.33,9.73,10.09,11.79,8.96,9.14,9.22
1984-01-06,9.30,9.69,10.02,11.79,8.95,9.12,9.19
1984-01-13,9.24,9.57,9.91,11.71,8.88,9.03,9.09
1984-01-20,9.24,9.51,9.86,11.59,8.88,8.95,9.02
1984-01-27,9.29,9.53,9.87,11.63,8.93,9.00,9.04
1984-02-03,9.27,9.53,9.81,11.63,8.91,8.97,9.00
1984-02-10,9.45,9.70,9.94,11.74,9.06,9.10,9.10
1984-02-17,9.46,9.80,10.05,11.85,9.09,9.21,9.21
1984-02-24,9.55,9.91,10.21,11.97,9.18,9.32,9.35
1984-03-02,9.53,9.90,10.24,12.05,9.18,9.33,9.37
1984-03-09,9.65,10.02,10.33,12.18,9.29,9.43,9.45
1984-03-16,9.80,10.21,10.53,12.29,9.43,9.59,9.60
1984-03-23,10.15,10.53,10.85,12.46,9.76,9.88,9.90
1984-03-30,10.11,10.49,10.79,12.46,9.72,9.85,9.86
1984-04-06,10.13,10.55,10.91,12.61,9.74,9.91,9.96
1984-04-13,10.02,10.42,10.76,12.49,9.65,9.79,9.82
1984-04-20,10.14,10.48,10.94,12.66,9.76,9.86,9.98
1984-04-27,10.01,10.41,10.98,12.74,9.64,9.79,10.00
1984-05-04,10.11,10.63,11.19,12.89,9.73,9.99,10.18
1984-05-11,10.37,11.00,11.52,13.23,9.97,10.28,10.46
1984-05-18,10.28,10.99,11.68,13.49,9.88,10.28,10.59
1984-05-25,10.18,11.15,11.84,13.59,9.79,10.42,10.73
1984-06-01,10.14,11.31,12.10,13.86,9.76,10.56,10.94
1984-06-08,10.20,11.20,11.92,13.47,9.81,10.49,10.80
1984-06-15,10.35,11.23,12.02,13.43,9.95,10.50,10.87
1984-06-22,10.31,11.31,12.15,13.55,9.91,10.56,10.97
1984-06-29,10.20,11.23,12.28,13.79,9.81,10.48,11.09
1984-07-06,10.32,11.16,12.17,13.80,9.92,10.43,11.01
1984-07-13,10.45,11.24,12.10,13.46,10.04,10.50,10.94
1984-07-20,10.53,11.30,12.03,13.32,10.11,10.55,10.89
1984-07-27,10.67,11.32,11.90,13.11,10.25,10.56,10.79
1984-08-03,10.85,11.39,11.84,12.82,10.42,10.63,10.73
1984-08-10,10.91,11.35,11.80,12.67,10.48,10.59,10.69
1984-08-17,10.73,11.27,11.73,12.71,10.31,10.52,10.64
1984-08-24,10.87,11.33,11.80,12.66,10.44,10.57,10.68
1984-08-31,11.10,11.52,11.97,12.82,10.65,10.75,10.84
1984-09-07,11.06,11.49,11.95,12.83,10.61,10.73,10.82
1984-09-14,10.81,11.23,11.61,12.51,10.38,10.51,10.54
1984-09-21,10.71,11.06,11.41,12.35,10.29,10.35,10.37
1984-09-28,10.65,11.04,11.42,12.46,10.24,10.34,10.38
1984-10-05,10.61,11.01,11.39,12.51,10.19,10.30,10.35
1984-10-12,10.41,10.81,11.16,12.33,10.01,10.12,10.15
1984-10-19,10.21,10.57,10.93,12.19,9.81,9.91,9.96
1984-10-26,9.70,10.07,10.46,11.85,9.33,9.46,9.56
1984-11-02,9.45,9.91,10.31,11.76,9.10,9.33,9.43
1984-11-09,8.97,9.50,9.98,11.71,8.65,8.95,9.15
1984-11-16,9.00,9.49,9.99,11.75,8.68,8.95,9.15
1984-11-23,8.87,9.16,9.64,11.44,8.55,8.65,8.85
1984-11-30,8.71,9.06,9.55,11.39,8.41,8.55,8.78
1984-12-07,8.74,9.12,9.63,11.58,8.44,8.61,8.86
1984-12-14,8.56,8.93,9.49,11.61,8.27,8.43,8.73
1984-12-21,8.08,8.48,9.09,11.37,7.81,8.03,8.37
1984-12-28,7.93,8.48,9.10,11.42,7.67,8.03,8.40
1985-01-04,8.09,8.62,9.19,11.64,7.83,8.17,8.48
1985-01-11,8.02,8.42,9.04,11.50,7.75,7.98,8.34
1985-01-18,7.99,8.42,9.05,11.49,7.73,7.98,8.33
1985-01-25,7.91,8.34,8.90,11.16,7.65,7.91,8.22
1985-02-01,8.19,8.55,9.03,11.15,7.92,8.09,8.35
1985-02-08,8.46,8.74,9.18,11.37,8.17,8.28,8.47
1985-02-15,8.50,8.76,9.19,11.37,8.21,8.29,8.47
1985-02-22,8.60,8.91,9.30,11.57,8.31,8.42,8.58
1985-03-01,8.78,9.22,9.61,11.83,8.47,8.70,8.84
1985-03-08,9.01,9.53,9.89,11.87,8.69,8.97,9.09
1985-03-15,8.86,9.51,9.91,11.85,8.55,8.95,9.09
1985-03-22,8.82,9.52,9.97,11.92,8.51,8.96,9.15
1985-03-29,8.59,9.24,9.68,11.77,8.29,8.71,8.90
1985-04-05,8.45,9.09,9.54,11.71,8.17,8.58,8.79
1985-04-12,8.36,8.90,9.32,11.57,8.08,8.41,8.60
1985-04-19,8.13,8.52,8.95,11.24,7.86,8.06,8.27
1985-04-26,8.03,8.46,8.89,11.27,7.77,8.00,8.22
1985-05-03,8.05,8.50,8.92,11.33,7.78,8.03,8.25
1985-05-10,8.03,8.36,8.73,11.17,7.76,7.92,8.09
1985-05-17,7.75,8.11,8.52,10.89,7.50,7.68,7.90
1985-05-24,7.50,7.80,8.22,10.60,7.25,7.41,7.63
1985-05-31,7.43,7.72,8.09,10.39,7.19,7.32,7.53
1985-06-07,7.23,7.46,7.80,10.00,7.01,7.10,7.25
1985-06-14,7.26,7.52,7.85,10.12,7.03,7.15,7.31
1985-06-21,7.03,7.32,7.66,10.08,6.81,6.97,7.14
1985-06-28,7.20,7.53,7.91,10.43,6.97,7.16,7.37
1985-07-05,7.12,7.34,7.66,10.14,6.90,6.98,7.13
1985-07-12,7.22,7.45,7.73,10.12,6.99,7.09,7.19
1985-07-19,7.31,7.56,7.82,10.23,7.07,7.18,7.29
1985-07-26,7.46,7.75,8.03,10.51,7.22,7.35,7.47
1985-08-02,7.52,7.85,8.14,10.61,7.28,7.44,7.57
1985-08-09,7.45,7.84,8.15,10.53,7.21,7.44,7.58
1985-08-16,7.36,7.74,8.07,10.37,7.13,7.34,7.49
1985-08-23,7.30,7.60,7.95,10.16,7.07,7.22,7.39
1985-08-30,7.31,7.60,7.97,10.17,7.07,7.22,7.42
1985-09-06,7.37,7.68,8.04,10.29,7.14,7.31,7.49
1985-09-13,7.48,7.81,8.20,10.48,7.23,7.42,7.62
1985-09-20,7.35,7.70,8.11,10.40,7.12,7.33,7.55
1985-09-27,7.11,7.35,7.88,10.30,6.89,7.00,7.34
1985-10-04,7.24,7.57,7.96,10.32,7.01,7.20,7.41
1985-10-11,7.40,7.74,8.06,10.37,7.17,7.36,7.49
1985-10-18,7.45,7.71,8.01,10.23,7.20,7.33,7.44
1985-10-25,7.46,7.77,8.03,10.16,7.22,7.38,7.47
1985-11-01,7.44,7.71,7.97,10.07,7.20,7.32,7.41
1985-11-08,7.49,7.70,7.91,9.92,7.25,7.32,7.36
1985-11-15,7.53,7.71,7.89,9.82,7.29,7.32,7.34
1985-11-22,7.47,7.68,7.85,9.68,7.23,7.29,7.30
1985-11-29,7.42,7.65,7.87,9.65,7.18,7.28,7.33
1985-12-06,7.48,7.70,7.90,9.65,7.24,7.31,7.35
1985-12-13,7.33,7.48,7.65,9.31,7.10,7.12,7.13
1985-12-20,7.29,7.42,7.57,9.09,7.06,7.06,7.07
1985-12-27,7.25,7.41,7.59,9.05,7.02,7.06,7.09
1986-01-03,7.27,7.47,7.63,9.03,7.04,7.11,7.12
1986-01-10,7.36,7.57,7.74,9.16,7.13,7.20,7.21
1986-01-17,7.40,7.64,7.86,9.35,7.17,7.26,7.32
1986-01-24,7.22,7.49,7.73,9.24,6.99,7.13,7.21
1986-01-31,7.21,7.44,7.62,9.09,6.98,7.07,7.11
1986-02-07,7.29,7.48,7.63,9.02,7.06,7.11,7.12
1986-02-14,7.34,7.55,7.69,8.87,7.11,7.18,7.17
1986-02-21,7.27,7.47,7.62,8.62,7.05,7.11,7.11
1986-02-28,7.26,7.40,7.52,8.29,7.04,7.04,7.02
1986-03-07,7.01,7.10,7.22,8.01,6.79,6.77,6.76
1986-03-14,6.79,6.90,7.03,7.72,6.59,6.58,6.59
1986-03-21,6.69,6.87,7.01,7.80,6.49,6.55,6.57
1986-03-28,6.58,6.73,6.89,7.63,6.39,6.42,6.46
1986-04-04,6.50,6.59,6.67,7.39,6.31,6.30,6.27
1986-04-11,6.25,6.35,6.41,7.31,6.07,6.08,6.03
1986-04-18,6.01,6.14,6.21,7.10,5.84,5.87,5.85
1986-04-25,6.21,6.34,6.46,7.35,6.03,6.06,6.08
1986-05-02,6.29,6.43,6.56,7.44,6.11,6.15,6.17
1986-05-09,6.23,6.36,6.49,7.44,6.05,6.08,6.10
1986-05-16,6.32,6.43,6.65,7.75,6.14,6.15,6.24
1986-05-23,6.39,6.54,6.74,7.90,6.20,6.25,6.33
1986-05-30,6.43,6.61,6.79,7.88,6.24,6.32,6.37
1986-06-06,6.62,6.79,7.00,8.23,6.42,6.48,6.55
1986-06-13,6.48,6.68,6.85,7.98,6.29,6.38,6.43
1986-06-20,6.28,6.47,6.61,7.62,6.10,6.19,6.21
1986-06-27,6.26,6.36,6.54,7.45,6.07,6.08,6.14
1986-07-04,6.14,6.20,6.36,7.35,5.97,5.93,5.98
1986-07-11,6.03,6.15,6.29,7.33,5.86,5.88,5.92
1986-07-18,5.92,6.07,6.18,7.19,5.75,5.81,5.83
1986-07-25,5.94,6.11,6.25,7.26,5.78,5.84,5.89
1986-08-01,6.00,6.11,6.27,7.41,5.83,5.85,5.91
1986-08-08,5.88,6.02,6.16,7.39,5.71,5.77,5.81
1986-08-15,5.76,5.83,6.01,7.19,5.60,5.59,5.67
1986-08-22,5.64,5.74,5.85,7.04,5.48,5.50,5.52
1986-08-29,5.42,5.53,5.67,7.02,5.27,5.31,5.36
1986-09-05,5.35,5.48,5.66,7.18,5.21,5.26,5.35
1986-09-12,5.34,5.58,5.79,7.46,5.20,5.36,5.46
1986-09-19,5.32,5.60,5.81,7.56,5.18,5.37,5.48
1986-09-26,5.39,5.60,5.80,7.52,5.24,5.38,5.47
1986-10-03,5.33,5.57,5.79,7.43,5.19,5.35,5.47
1986-10-10,5.19,5.30,5.57,7.31,5.05,5.10,5.27
1986-10-17,5.34,5.50,5.73,7.53,5.20,5.28,5.41
1986-10-24,5.44,5.60,5.82,7.52,5.29,5.37,5.49
1986-10-31,5.34,5.49,5.74,7.39,5.19,5.27,5.43
1986-11-07,5.41,5.58,5.76,7.31,5.26,5.35,5.45
1986-11-14,5.56,5.72,5.89,7.34,5.41,5.49,5.56
1986-11-21,5.52,5.64,5.79,7.21,5.36,5.41,5.47
1986-11-28,5.54,5.65,5.77,7.14,5.39,5.42,5.45
1986-12-05,5.57,5.67,5.78,7.09,5.42,5.44,5.47
1986-12-12,5.64,5.72,5.83,7.09,5.49,5.49,5.51
1986-12-19,5.72,5.83,5.90,7.12,5.57,5.59,5.57
1986-12-26,5.71,5.84,5.92,7.08,5.56,5.60,5.59
1987-01-02,5.80,5.89,5.97,7.20,5.65,5.64,5.64
1987-01-09,5.61,5.73,5.80,7.05,5.46,5.49,5.49
1987-01-16,5.50,5.64,5.76,7.07,5.35,5.41,5.45
1987-01-23,5.50,5.55,5.69,7.03,5.35,5.33,5.38
1987-01-30,5.66,5.70,5.82,7.15,5.51,5.47,5.50
1987-02-06,5.78,5.85,5.92,7.22,5.62,5.61,5.59
1987-02-13,5.92,6.00,6.05,7.31,5.75,5.75,5.71
1987-02-20,5.71,5.79,5.98,7.28,5.55,5.55,5.64
1987-02-27,5.60,5.66,5.90,7.20,5.45,5.43,5.57
1987-03-06,5.71,5.80,5.94,7.18,5.54,5.55,5.61
1987-03-13,5.84,5.90,6.06,7.22,5.66,5.64,5.72
1987-03-20,5.72,5.81,5.99,7.21,5.55,5.55,5.64
1987-03-27,5.78,5.87,6.07,7.27,5.60,5.61,5.71
1987-04-03,5.74,6.02,6.18,7.56,5.56,5.75,5.81
1987-04-10,5.79,6.03,6.26,7.71,5.62,5.76,5.87
1987-04-17,5.98,6.30,6.60,8.12,5.80,6.01,6.19
1987-04-24,5.72,6.22,6.67,8.30,5.54,5.93,6.24
1987-05-01,5.87,6.35,6.76,8.32,5.69,6.05,6.31
1987-05-08,5.79,6.20,6.88,8.49,5.61,5.91,6.39
1987-05-15,5.88,6.25,7.03,8.61,5.69,5.95,6.54
1987-05-22,5.87,6.52,7.20,8.84,5.68,6.21,6.71
1987-05-29,5.87,6.49,6.95,8.55,5.67,6.17,6.48
1987-06-05,5.89,6.40,6.91,8.58,5.70,6.10,6.44
1987-06-12,5.73,6.18,6.80,8.50,5.55,5.89,6.36
1987-06-19,5.83,6.22,6.73,8.27,5.65,5.93,6.29
1987-06-26,5.96,6.35,6.77,8.28,5.77,6.05,6.32
1987-07-03,5.86,6.16,6.71,8.35,5.68,5.88,6.25
1987-07-10,5.78,5.85,6.61,8.32,5.61,5.56,6.20
1987-07-17,5.75,5.83,6.53,8.38,5.58,5.56,6.11
1987-07-24,5.85,6.11,6.71,8.52,5.66,5.82,6.26
1987-07-31,6.15,6.42,6.88,8.62,5.94,6.10,6.40
1987-08-07,6.06,6.40,6.96,8.75,5.87,6.10,6.49
1987-08-14,6.14,6.36,6.93,8.68,5.94,6.05,6.47
1987-08-21,6.25,6.49,7.01,8.71,6.05,6.18,6.53
1987-08-28,6.45,6.56,7.16,8.85,6.24,6.25,6.65
1987-09-04,6.41,6.68,7.41,9.18,6.21,6.36,6.89
1987-09-11,6.60,6.86,7.72,9.43,6.39,6.53,7.16
1987-09-18,6.58,6.99,7.65,9.43,6.36,6.65,7.10
1987-09-25,6.72,7.16,7.70,9.45,6.48,6.79,7.14
1987-10-02,6.86,7.23,7.88,9.61,6.62,6.86,7.30
1987-10-09,6.88,7.47,8.10,9.78,6.65,7.08,7.50
1987-10-16,7.25,7.95,8.33,10.11,6.98,7.52,7.70
1987-10-23,5.90,6.66,7.22,9.36,5.70,6.33,6.72
1987-10-30,5.34,6.21,6.73,8.90,5.17,5.93,6.30
1987-11-06,5.81,6.39,6.87,8.84,5.62,6.10,6.42
1987-11-13,5.98,6.57,6.96,8.80,5.78,6.26,6.49
1987-11-20,5.98,6.58,7.01,8.83,5.78,6.27,6.54
1987-11-27,5.91,6.48,7.02,8.95,5.72,6.17,6.56
1987-12-04,5.59,6.46,7.02,8.98,5.41,6.15,6.55
1987-12-11,6.06,6.77,7.24,9.14,5.86,6.44,6.74
1987-12-18,6.10,6.76,7.23,9.05,5.90,6.43,6.73
1987-12-25,6.03,6.77,7.19,8.87,5.83,6.44,6.71
1988-01-01,5.93,6.58,7.15,8.85,5.73,6.26,6.66
1988-01-08,6.05,6.68,7.15,8.84,5.86,6.36,6.66
1988-01-15,6.00,6.61,7.12,8.84,5.81,6.29,6.63
1988-01-22,6.04,6.56,6.90,8.57,5.85,6.25,6.45
1988-01-29,5.93,6.41,6.77,8.39,5.74,6.11,6.33
1988-02-05,5.86,6.35,6.65,8.20,5.67,6.05,6.22
1988-02-12,5.83,6.19,6.59,8.18,5.65,5.91,6.16
1988-02-19,5.90,6.28,6.70,8.29,5.72,5.99,6.27
1988-02-26,5.81,6.08,6.63,8.20,5.63,5.81,6.20
1988-03-04,5.80,6.14,6.63,8.17,5.63,5.86,6.20
1988-03-11,5.90,6.14,6.72,8.32,5.73,5.88,6.28
1988-03-18,5.80,6.05,6.63,8.33,5.64,5.79,6.23
1988-03-25,5.94,6.26,6.77,8.48,5.77,5.98,6.35
1988-04-01,5.91,6.32,6.78,8.57,5.74,6.04,6.36
1988-04-08,6.18,6.49,7.01,8.62,5.99,6.20,6.55
1988-04-15,6.06,6.42,6.92,8.63,5.89,6.14,6.49
1988-04-22,6.01,6.51,7.03,8.81,5.83,6.22,6.58
1988-04-29,6.09,6.58,7.07,8.82,5.91,6.28,6.60
1988-05-06,6.35,6.74,7.23,8.93,6.16,6.43,6.75
1988-05-13,6.45,6.79,7.33,9.04,6.26,6.47,6.85
1988-05-20,6.41,6.86,7.40,9.14,6.22,6.53,6.91
1988-05-27,6.55,7.10,7.58,9.22,6.35,6.76,7.07
1988-06-03,6.66,7.13,7.59,9.07,6.45,6.79,7.08
1988-06-10,6.64,7.00,7.46,8.96,6.43,6.67,6.97
1988-06-17,6.56,6.93,7.40,8.84,6.36,6.61,6.91
1988-06-24,6.71,7.13,7.53,8.94,6.50,6.78,7.02
1988-07-01,6.78,7.09,7.52,8.86,6.57,6.75,7.01
1988-07-08,6.79,7.13,7.62,8.93,6.58,6.78,7.11
1988-07-15,6.92,7.36,7.79,9.08,6.70,7.00,7.25
1988-07-22,6.94,7.43,7.79,9.13,6.72,7.07,7.25
1988-07-29,7.16,7.49,7.85,9.12,6.93,7.12,7.31
1988-08-05,7.12,7.50,7.89,9.04,6.89,7.13,7.34
1988-08-12,7.22,7.78,8.17,9.27,6.98,7.39,7.59
1988-08-19,7.27,7.93,8.27,9.36,7.03,7.52,7.68
1988-08-26,7.44,7.89,8.28,9.36,7.20,7.48,7.69
1988-09-02,7.52,7.87,8.24,9.21,7.28,7.47,7.65
1988-09-09,7.54,7.81,8.09,8.98,7.30,7.42,7.52
1988-09-16,7.41,7.77,8.01,8.93,7.18,7.38,7.45
1988-09-23,7.43,7.78,8.07,8.96,7.19,7.39,7.51
1988-09-30,7.54,7.91,8.18,8.99,7.30,7.51,7.60
1988-10-07,7.50,7.88,8.13,8.83,7.25,7.48,7.56
1988-10-14,7.55,7.81,8.07,8.81,7.31,7.42,7.51
1988-10-21,7.65,7.95,8.12,8.80,7.40,7.54,7.56
1988-10-28,7.67,7.94,8.13,8.77,7.42,7.53,7.55
1988-11-04,7.63,7.92,8.10,8.72,7.38,7.51,7.53
1988-11-11,7.83,8.17,8.35,8.91,7.57,7.75,7.76
1988-11-18,8.18,8.38,8.55,8.99,7.91,7.94,7.94
1988-11-25,8.29,8.52,8.71,9.10,8.01,8.06,8.06
1988-12-02,8.22,8.55,8.75,9.11,7.94,8.09,8.10
1988-12-09,8.24,8.66,8.89,9.03,7.96,8.19,8.23
1988-12-16,8.38,8.75,9.10,9.16,8.09,8.27,8.42
1988-12-23,8.40,8.67,9.00,9.08,8.11,8.20,8.32
1988-12-30,8.45,8.76,9.07,9.17,8.16,8.28,8.38
1989-01-06,8.53,8.90,9.17,9.24,8.24,8.41,8.47
1989-01-13,8.55,8.90,9.11,9.18,8.26,8.41,8.43
1989-01-20,8.53,8.78,8.96,9.02,8.24,8.30,8.28
1989-01-27,8.58,8.80,8.97,8.97,8.29,8.32,8.30
1989-02-03,8.68,8.91,9.05,9.00,8.38,8.42,8.38
1989-02-10,8.83,9.00,9.15,9.05,8.52,8.50,8.46
1989-02-17,8.82,9.08,9.27,9.21,8.52,8.57,8.56
1989-02-24,8.87,9.09,9.41,9.31,8.57,8.59,8.67
1989-03-03,8.98,9.20,9.40,9.33,8.67,8.68,8.67
1989-03-10,8.96,9.21,9.39,9.27,8.64,8.68,8.67
1989-03-17,9.06,9.32,9.56,9.35,8.74,8.78,8.80
1989-03-24,9.37,9.60,9.78,9.49,9.03,9.04,8.99
1989-03-31,9.33,9.62,9.71,9.37,9.00,9.06,8.94
1989-04-07,9.15,9.31,9.47,9.20,8.82,8.77,8.74
1989-04-14,9.01,9.28,9.48,9.27,8.69,8.75,8.73
1989-04-21,8.86,9.01,9.28,9.14,8.55,8.51,8.56
1989-04-28,8.84,9.10,9.22,9.09,8.53,8.59,8.52
1989-05-05,8.85,9.02,9.16,9.07,8.54,8.52,8.47
1989-05-12,8.73,8.92,9.05,9.05,8.43,8.42,8.36
1989-05-19,8.59,8.82,8.89,8.79,8.30,8.33,8.23
1989-05-26,8.71,8.87,8.86,8.63,8.41,8.39,8.21
1989-06-02,8.84,8.82,8.80,8.57,8.54,8.33,8.16
1989-06-09,8.46,8.33,8.40,8.28,8.18,7.89,7.79
1989-06-16,8.42,8.31,8.45,8.26,8.14,7.87,7.84
1989-06-23,8.41,8.50,8.53,8.34,8.13,8.05,7.92
1989-06-30,8.30,8.22,8.28,8.14,8.03,7.79,7.71
1989-07-07,8.07,7.99,7.97,8.08,7.81,7.58,7.42
1989-07-14,8.03,7.92,7.85,8.01,7.77,7.52,7.32
1989-07-21,8.24,8.15,7.96,8.07,7.97,7.73,7.43
1989-07-28,8.25,8.03,7.86,7.97,7.98,7.62,7.35
1989-08-04,7.97,7.84,7.73,7.82,7.71,7.45,7.20
1989-08-11,8.19,8.07,8.12,8.04,7.92,7.66,7.56
1989-08-18,8.23,8.25,8.30,8.18,7.95,7.82,7.72
1989-08-25,8.26,8.35,8.36,8.23,7.98,7.92,7.78
1989-09-01,8.17,8.26,8.32,8.25,7.90,7.82,7.72
1989-09-08,8.09,8.24,8.27,8.17,7.82,7.81,7.68
1989-09-15,7.86,8.00,8.07,8.13,7.60,7.60,7.51
1989-09-22,8.00,8.12,8.18,8.15,7.73,7.70,7.61
1989-09-29,8.11,8.28,8.38,8.31,7.84,7.85,7.78
1989-10-06,8.03,8.26,8.35,8.18,7.76,7.83,7.76
1989-10-13,7.92,8.04,8.00,8.00,7.66,7.63,7.46
1989-10-20,7.75,7.93,7.85,7.99,7.50,7.53,7.33
1989-10-27,7.85,7.90,7.81,7.89,7.60,7.50,7.28
1989-11-03,8.04,7.99,7.89,7.92,7.77,7.58,7.35
1989-11-10,8.00,8.00,7.87,7.92,7.74,7.59,7.35
1989-11-17,7.92,7.85,7.71,7.86,7.67,7.45,7.21
1989-11-24,7.86,7.78,7.64,7.83,7.60,7.39,7.13
1989-12-01,7.88,7.83,7.73,7.85,7.63,7.43,7.21
1989-12-08,7.86,7.73,7.73,7.84,7.61,7.35,7.22
1989-12-15,7.90,7.79,7.73,7.82,7.65,7.40,7.22
1989-12-22,7.85,7.81,7.66,7.78,7.60,7.42,7.15
1989-12-29,7.94,7.97,7.80,7.93,7.68,7.56,7.27
1990-01-05,7.84,7.90,7.82,7.98,7.59,7.50,7.30
1990-01-12,7.78,7.82,7.78,8.04,7.53,7.43,7.26
1990-01-19,7.98,8.01,7.97,8.24,7.72,7.60,7.42
1990-01-26,7.95,8.00,8.01,8.36,7.69,7.59,7.46
1990-02-02,8.02,8.13,8.09,8.47,7.76,7.71,7.54
1990-02-09,8.07,8.16,8.13,8.48,7.80,7.74,7.58
1990-02-16,7.92,8.05,8.05,8.39,7.66,7.63,7.50
1990-02-23,8.00,8.16,8.19,8.58,7.74,7.74,7.61
1990-03-02,8.02,8.14,8.14,8.50,7.76,7.72,7.58
1990-03-09,8.18,8.26,8.34,8.61,7.91,7.83,7.76
1990-03-16,8.23,8.32,8.42,8.65,7.96,7.88,7.81
1990-03-23,8.20,8.31,8.35,8.55,7.93,7.87,7.76
1990-03-30,8.12,8.27,8.34,8.56,7.85,7.84,7.75
1990-04-06,8.04,8.20,8.29,8.59,7.77,7.77,7.71
1990-04-13,8.05,8.21,8.29,8.62,7.78,7.78,7.70
1990-04-20,8.03,8.25,8.41,8.83,7.76,7.81,7.81
1990-04-27,8.05,8.38,8.57,9.02,7.78,7.94,7.94
1990-05-04,8.12,8.42,8.56,9.02,7.85,7.97,7.94
1990-05-11,8.00,8.17,8.36,8.81,7.74,7.75,7.75
1990-05-18,7.93,8.10,8.24,8.68,7.67,7.68,7.66
1990-05-25,7.98,8.15,8.22,8.66,7.71,7.73,7.64
1990-06-01,8.00,8.10,8.18,8.58,7.74,7.68,7.61
1990-06-08,7.96,8.02,8.08,8.46,7.70,7.61,7.51
1990-06-15,7.96,8.03,8.05,8.44,7.70,7.61,7.50
1990-06-22,8.01,8.07,8.14,8.52,7.74,7.65,7.57
1990-06-29,8.03,8.07,8.13,8.51,7.77,7.66,7.57
1990-07-06,7.97,8.02,8.06,8.44,7.71,7.61,7.49
1990-07-13,7.99,8.07,8.09,8.53,7.73,7.65,7.53
1990-07-20,7.82,7.88,7.87,8.47,7.57,7.48,7.34
1990-07-27,7.78,7.82,7.85,8.48,7.53,7.42,7.33
1990-08-03,7.67,7.67,7.67,8.37,7.43,7.29,7.16
1990-08-10,7.61,7.68,7.70,8.72,7.37,7.29,7.18
1990-08-17,7.70,7.76,7.73,8.71,7.45,7.37,7.22
1990-08-24,7.80,7.89,7.93,8.92,7.54,7.49,7.39
1990-08-31,7.71,7.83,7.85,8.88,7.46,7.44,7.32
1990-09-07,7.63,7.73,7.74,8.85,7.38,7.34,7.23
1990-09-14,7.63,7.70,7.75,8.84,7.38,7.32,7.24
1990-09-21,7.62,7.69,7.77,8.92,7.38,7.31,7.25
1990-09-28,7.53,7.68,7.79,8.96,7.29,7.30,7.25
1990-10-05,7.36,7.51,7.58,8.69,7.13,7.14,7.07
1990-10-12,7.39,7.55,7.62,8.87,7.16,7.18,7.12
1990-10-19,7.44,7.57,7.58,8.74,7.20,7.20,7.09
1990-10-26,7.43,7.51,7.50,8.64,7.19,7.15,7.02
1990-11-02,7.34,7.45,7.41,8.64,7.11,7.08,6.93
1990-11-09,7.31,7.41,7.35,8.53,7.08,7.05,6.88
1990-11-16,7.30,7.39,7.30,8.35,7.07,7.03,6.84
1990-11-23,7.29,7.39,7.29,8.30,7.07,7.03,6.82
1990-11-30,7.26,7.36,7.30,8.29,7.04,7.00,6.83
1990-12-07,7.21,7.22,7.24,8.16,6.99,6.88,6.78
1990-12-14,7.05,7.04,7.08,7.97,6.83,6.71,6.64
1990-12-21,6.87,6.97,6.96,8.03,6.66,6.64,6.53
1990-12-28,6.68,6.91,6.95,8.15,6.48,6.59,6.51
1991-01-04,6.67,6.75,6.78,8.00,6.47,6.44,6.37
1991-01-11,6.51,6.66,6.71,8.18,6.31,6.36,6.30
1991-01-18,6.25,6.49,6.62,8.15,6.07,6.20,6.22
1991-01-25,6.31,6.49,6.58,8.04,6.12,6.20,6.19
1991-02-01,6.36,6.47,6.51,8.02,6.17,6.19,6.13
1991-02-08,6.12,6.17,6.23,7.82,5.94,5.91,5.87
1991-02-15,6.04,6.13,6.20,7.78,5.87,5.87,5.84
1991-02-22,6.11,6.20,6.30,7.86,5.94,5.93,5.93
1991-03-01,6.22,6.31,6.40,8.00,6.04,6.03,6.02
1991-03-08,6.24,6.33,6.48,8.10,6.05,6.04,6.09
1991-03-15,6.01,6.13,6.32,8.06,5.83,5.85,5.94
1991-03-22,6.06,6.17,6.41,8.18,5.87,5.89,6.01
1991-03-29,6.01,6.11,6.34,8.10,5.82,5.83,5.94
1991-04-05,5.93,6.04,6.26,8.03,5.75,5.77,5.87
1991-04-12,5.77,5.94,6.22,8.04,5.59,5.67,5.84
1991-04-19,5.81,5.96,6.26,8.00,5.63,5.70,5.87
1991-04-26,5.83,6.00,6.25,8.09,5.66,5.73,5.86
1991-05-03,5.69,5.86,6.11,8.02,5.51,5.60,5.73
1991-05-10,5.66,5.89,6.13,8.06,5.48,5.63,5.76
1991-05-17,5.61,5.85,6.13,8.11,5.44,5.59,5.76
1991-05-24,5.61,5.89,6.15,8.08,5.44,5.63,5.77
1991-05-31,5.64,5.89,6.13,8.06,5.46,5.63,5.76
1991-06-07,5.75,5.99,6.30,8.20,5.58,5.72,5.92
1991-06-14,5.75,6.06,6.40,8.31,5.58,5.78,6.00
1991-06-21,5.76,6.04,6.37,8.31,5.58,5.76,5.97
1991-06-28,5.73,6.01,6.36,8.31,5.56,5.74,5.96
1991-07-05,5.75,5.98,6.40,8.28,5.58,5.71,6.00
1991-07-12,5.74,5.95,6.30,8.32,5.57,5.68,5.90
1991-07-19,5.77,6.00,6.32,8.28,5.59,5.73,5.92
1991-07-26,5.76,5.99,6.29,8.25,5.58,5.72,5.90
1991-08-02,5.71,5.92,6.18,8.17,5.53,5.65,5.81
1991-08-09,5.57,5.71,5.88,7.98,5.40,5.46,5.54
1991-08-16,5.45,5.60,5.72,7.87,5.29,5.36,5.40
1991-08-23,5.40,5.51,5.62,7.82,5.24,5.28,5.30
1991-08-30,5.50,5.62,5.74,7.84,5.34,5.37,5.41
1991-09-06,5.48,5.60,5.70,7.80,5.32,5.36,5.37
1991-09-13,5.39,5.48,5.58,7.71,5.23,5.25,5.27
1991-09-20,5.35,5.46,5.56,7.61,5.19,5.23,5.25
1991-09-27,5.32,5.43,5.50,7.55,5.16,5.20,5.20
1991-10-04,5.22,5.34,5.40,7.45,5.07,5.11,5.11
1991-10-11,5.17,5.28,5.36,7.48,5.01,5.06,5.07
1991-10-18,5.15,5.26,5.33,7.50,5.00,5.03,5.04
1991-10-25,5.16,5.30,5.39,7.66,5.01,5.08,5.09
1991-11-01,4.99,5.08,5.15,7.52,4.85,4.88,4.87
1991-11-08,4.81,4.93,5.00,7.48,4.68,4.74,4.74
1991-11-15,4.75,4.86,4.96,7.37,4.62,4.67,4.70
1991-11-22,4.62,4.73,4.82,7.38,4.49,4.55,4.57
1991-11-29,4.51,4.63,4.74,7.42,4.39,4.45,4.50
1991-12-06,4.44,4.48,4.61,7.25,4.32,4.32,4.38
1991-12-13,4.28,4.33,4.44,7.21,4.16,4.17,4.23
1991-12-20,4.14,4.26,4.35,7.13,4.03,4.10,4.14
1991-12-27,3.92,4.03,4.17,6.86,3.81,3.89,3.97
1992-01-03,3.96,4.01,4.14,6.78,3.87,3.87,3.93
1992-01-10,3.88,3.95,4.06,6.80,3.77,3.81,3.87
1992-01-17,3.91,4.02,4.17,7.04,3.81,3.88,3.98
1992-01-24,3.87,4.00,4.14,7.14,3.77,3.86,3.95
1992-01-31,3.94,4.07,4.23,7.25,3.84,3.92,4.02
1992-02-07,3.92,4.01,4.19,7.25,3.81,3.87,3.98
1992-02-14,3.86,3.99,4.19,7.31,3.76,3.85,4.00
1992-02-21,3.97,4.13,4.37,7.44,3.87,3.98,4.16
1992-02-28,4.05,4.18,4.41,7.37,3.94,4.03,4.19
1992-03-06,4.14,4.28,4.55,7.45,4.04,4.13,4.32
1992-03-13,4.12,4.32,4.64,7.54,4.02,4.16,4.43
1992-03-20,4.16,4.40,4.73,7.63,4.06,4.23,4.50
1992-03-27,4.13,4.33,4.64,7.56,4.03,4.18,4.40
1992-04-03,4.12,4.27,4.50,7.49,4.01,4.11,4.27
1992-04-10,3.89,4.03,4.25,7.40,3.80,3.89,4.06
1992-04-17,3.71,3.86,4.14,7.38,3.63,3.74,3.95
1992-04-24,3.77,3.98,4.32,7.58,3.68,3.84,4.11
1992-05-01,3.79,3.96,4.34,7.59,3.69,3.83,4.12
1992-05-08,3.71,3.90,4.25,7.50,3.63,3.77,4.06
1992-05-15,3.68,3.83,4.12,7.34,3.60,3.70,3.93
1992-05-22,3.70,3.84,4.12,7.29,3.61,3.71,3.92
1992-05-29,3.80,3.98,4.27,7.40,3.71,3.84,4.06
1992-06-05,3.80,3.98,4.27,7.35,3.71,3.86,4.08
1992-06-12,3.76,3.93,4.18,7.32,3.67,3.80,3.99
1992-06-19,3.72,3.86,4.12,7.24,3.63,3.73,3.93
1992-06-26,3.73,3.86,4.14,7.20,3.64,3.74,3.94
1992-07-03,3.56,3.69,3.96,7.07,3.48,3.57,3.79
1992-07-10,3.29,3.38,3.64,6.90,3.22,3.28,3.48
1992-07-17,3.26,3.35,3.53,6.92,3.19,3.24,3.38
1992-07-24,3.24,3.34,3.53,6.82,3.17,3.24,3.38
1992-07-31,3.25,3.37,3.57,6.67,3.18,3.27,3.43
1992-08-07,3.23,3.35,3.54,6.65,3.16,3.24,3.39
1992-08-14,3.18,3.29,3.43,6.52,3.11,3.19,3.28
1992-08-21,3.15,3.25,3.40,6.50,3.07,3.15,3.26
1992-08-28,3.23,3.35,3.52,6.67,3.16,3.25,3.38
1992-09-04,3.17,3.26,3.39,6.53,3.10,3.16,3.26
1992-09-11,2.97,3.02,3.17,6.32,2.91,2.94,3.04
1992-09-18,2.95,3.00,3.15,6.39,2.89,2.92,3.03
1992-09-25,2.95,3.01,3.16,6.47,2.89,2.93,3.04
1992-10-02,2.74,2.90,3.02,6.32,2.69,2.82,2.91
1992-10-09,2.83,2.96,3.09,6.39,2.76,2.88,2.97
1992-10-16,2.97,3.10,3.26,6.54,2.90,3.01,3.12
1992-10-23,3.02,3.27,3.48,6.78,2.95,3.17,3.35
1992-10-30,3.01,3.28,3.50,6.78,2.94,3.19,3.36
1992-11-06,3.10,3.33,3.58,6.90,3.03,3.23,3.42
1992-11-13,3.15,3.40,3.64,6.88,3.08,3.30,3.47
1992-11-20,3.24,3.47,3.73,6.84,3.16,3.37,3.56
1992-11-27,3.32,3.54,3.76,6.86,3.24,3.43,3.60
1992-12-04,3.38,3.56,3.82,6.91,3.30,3.45,3.64
1992-12-11,3.32,3.47,3.72,6.77,3.24,3.36,3.55
1992-12-18,3.28,3.48,3.76,6.79,3.21,3.38,3.60
1992-12-25,3.25,3.42,3.64,6.68,3.18,3.32,3.49
1993-01-01,3.23,3.43,3.62,6.70,3.15,3.32,3.46
1993-01-08,3.17,3.35,3.60,6.67,3.09,3.25,3.44
1993-01-15,3.06,3.23,3.50,6.68,3.00,3.14,3.36
1993-01-22,3.07,3.20,3.47,6.59,2.99,3.11,3.33
1993-01-29,2.98,3.16,3.41,6.46,2.92,3.07,3.26
1993-02-05,2.99,3.18,3.41,6.40,2.92,3.10,3.26
1993-02-12,2.99,3.19,3.45,6.38,2.93,3.10,3.32
1993-02-19,2.98,3.13,3.36,6.24,2.92,3.04,3.22
1993-02-26,3.01,3.13,3.31,6.02,2.95,3.04,3.17
1993-03-05,3.02,3.14,3.30,5.90,2.95,3.04,3.17
1993-03-12,3.04,3.18,3.39,5.96,2.98,3.09,3.26
1993-03-19,3.04,3.17,3.36,6.03,2.97,3.08,3.22
1993-03-26,2.98,3.12,3.30,5.98,2.92,3.03,3.16
1993-04-02,2.97,3.10,3.32,6.07,2.91,3.01,3.17
1993-04-09,2.97,3.10,3.31,6.06,2.91,3.00,3.16
1993-04-16,2.91,3.06,3.21,5.90,2.85,2.97,3.09
1993-04-23,2.87,3.01,3.18,5.87,2.81,2.93,3.05
1993-04-30,2.97,3.07,3.25,6.01,2.91,2.98,3.12
1993-05-07,2.93,3.06,3.23,5.92,2.87,2.97,3.11
1993-05-14,2.98,3.10,3.27,5.96,2.91,3.01,3.14
1993-05-21,3.06,3.19,3.40,6.12,2.99,3.09,3.26
1993-05-28,3.13,3.31,3.55,6.14,3.06,3.20,3.39
1993-06-04,3.14,3.32,3.58,6.07,3.06,3.21,3.44
1993-06-11,3.18,3.36,3.61,6.06,3.10,3.26,3.46
1993-06-18,3.12,3.26,3.49,5.96,3.05,3.16,3.33
1993-06-25,3.17,3.29,3.53,5.89,3.09,3.19,3.37
1993-07-02,3.08,3.20,3.42,5.79,3.01,3.11,3.29
1993-07-09,3.10,3.21,3.42,5.79,3.02,3.11,3.28
1993-07-16,3.09,3.23,3.41,5.74,3.02,3.13,3.27
1993-07-23,3.14,3.30,3.53,5.83,3.07,3.20,3.37
1993-07-30,3.14,3.32,3.57,5.88,3.06,3.21,3.43
1993-08-06,3.14,3.31,3.55,5.85,3.06,3.21,3.40
1993-08-13,3.09,3.25,3.48,5.78,3.02,3.14,3.33
1993-08-20,3.07,3.20,3.41,5.66,3.00,3.11,3.26
1993-08-27,3.06,3.19,3.37,5.51,3.00,3.10,3.24
1993-09-03,3.06,3.18,3.34,5.41,2.99,3.09,3.21
1993-09-10,3.02,3.15,3.32,5.28,2.96,3.06,3.18
1993-09-17,3.03,3.17,3.38,5.35,2.96,3.07,3.24
1993-09-24,2.99,3.15,3.39,5.44,2.93,3.06,3.26
1993-10-01,2.97,3.12,3.35,5.33,2.92,3.04,3.21
1993-10-08,3.04,3.18,3.35,5.33,2.97,3.08,3.21
1993-10-15,3.10,3.19,3.36,5.24,3.02,3.10,3.22
1993-10-22,3.12,3.24,3.40,5.31,3.04,3.14,3.27
1993-10-29,3.13,3.28,3.46,5.44,3.06,3.18,3.32
1993-11-05,3.16,3.36,3.56,5.66,3.08,3.25,3.40
1993-11-12,3.18,3.36,3.55,5.68,3.10,3.25,3.39
1993-11-19,3.18,3.35,3.58,5.71,3.11,3.25,3.42
1993-11-26,3.19,3.37,3.61,5.83,3.12,3.27,3.46
1993-12-03,3.19,3.37,3.62,5.80,3.12,3.27,3.46
1993-12-10,3.15,3.35,3.60,5.71,3.07,3.25,3.44
1993-12-17,3.10,3.34,3.61,5.82,3.04,3.24,3.47
1993-12-24,3.14,3.32,3.60,5.79,3.06,3.22,3.45
1993-12-31,3.09,3.31,3.61,5.77,3.02,3.21,3.45
1994-01-07,3.13,3.34,3.63,5.85,3.05,3.23,3.46
1994-01-14,3.03,3.23,3.52,5.69,2.97,3.14,3.38
1994-01-21,3.02,3.21,3.51,5.74,2.96,3.12,3.36
1994-01-28,2.99,3.22,3.51,5.74,2.93,3.13,3.35
1994-02-04,3.16,3.34,3.66,5.80,3.08,3.24,3.49
1994-02-11,3.32,3.50,3.85,5.94,3.25,3.40,3.69
1994-02-18,3.35,3.54,3.88,5.95,3.27,3.43,3.70
1994-02-25,3.44,3.70,4.01,6.15,3.35,3.58,3.82
1994-03-04,3.56,3.81,4.16,6.29,3.47,3.68,3.95
1994-03-11,3.60,3.90,4.28,6.40,3.52,3.77,4.09
1994-03-18,3.61,3.95,4.31,6.45,3.52,3.81,4.11
1994-03-25,3.59,3.94,4.36,6.52,3.49,3.81,4.15
1994-04-01,3.57,3.95,4.46,6.72,3.50,3.81,4.21
1994-04-08,3.70,4.12,4.71,6.97,3.60,3.97,4.49
1994-04-15,3.66,4.13,4.70,6.93,3.57,3.98,4.46
1994-04-22,3.83,4.35,4.90,7.03,3.73,4.18,4.64
1994-04-29,3.97,4.43,4.99,6.96,3.85,4.26,4.72
1994-05-06,4.16,4.65,5.23,7.16,4.04,4.47,4.96
1994-05-13,4.32,4.94,5.49,7.37,4.19,4.74,5.19
1994-05-20,4.28,4.75,5.23,7.06,4.16,4.56,4.95
1994-05-27,4.30,4.79,5.29,7.14,4.18,4.61,5.00
1994-06-03,4.27,4.80,5.31,7.09,4.15,4.61,5.04
1994-06-10,4.23,4.68,5.16,6.97,4.11,4.51,4.89
1994-06-17,4.23,4.66,5.18,7.08,4.12,4.50,4.90
1994-06-24,4.28,4.75,5.30,7.17,4.16,4.57,5.00
1994-07-01,4.28,4.78,5.47,7.27,4.16,4.61,5.18
1994-07-08,4.42,4.95,5.49,7.34,4.28,4.74,5.19
1994-07-15,4.50,5.00,5.49,7.36,4.37,4.79,5.18
1994-07-22,4.42,4.89,5.41,7.23,4.30,4.70,5.10
1994-07-29,4.51,5.00,5.51,7.26,4.39,4.80,5.22
1994-08-05,4.47,4.95,5.41,7.15,4.34,4.75,5.12
1994-08-12,4.52,5.12,5.60,7.31,4.40,4.91,5.29
1994-08-19,4.71,5.15,5.63,7.24,4.56,4.94,5.30
1994-08-26,4.69,5.11,5.61,7.27,4.55,4.90,5.31
1994-09-02,4.69,5.05,5.56,7.21,4.56,4.86,5.26
1994-09-09,4.68,5.08,5.62,7.33,4.56,4.88,5.30
1994-09-16,4.72,5.18,5.72,7.44,4.59,4.98,5.38
1994-09-23,4.84,5.35,5.85,7.54,4.71,5.14,5.53
1994-09-30,4.78,5.42,5.92,7.60,4.66,5.21,5.58
1994-10-07,5.07,5.60,6.07,7.72,4.90,5.36,5.71
1994-10-14,5.06,5.53,6.04,7.65,4.91,5.30,5.67
1994-10-21,5.08,5.61,6.10,7.71,4.94,5.38,5.76
1994-10-28,5.17,5.71,6.22,7.86,5.01,5.48,5.86
1994-11-04,5.25,5.77,6.28,7.94,5.10,5.53,5.90
1994-11-11,5.38,5.89,6.42,8.00,5.22,5.64,6.00
1994-11-18,5.50,6.03,6.58,7.97,5.34,5.77,6.18
1994-11-25,5.48,6.04,6.63,7.91,5.31,5.78,6.22
1994-12-02,5.70,6.23,6.89,7.89,5.53,5.97,6.45
1994-12-09,5.89,6.50,7.10,7.79,5.70,6.20,6.62
1994-12-16,5.83,6.57,7.20,7.82,5.66,6.27,6.73
1994-12-23,5.65,6.49,7.12,7.82,5.49,6.20,6.66
1994-12-30,5.69,6.53,7.21,7.81,5.52,6.23,6.74
1995-01-06,5.90,6.61,7.24,7.86,5.67,6.30,6.74
1995-01-13,5.84,6.53,7.12,7.80,5.66,6.24,6.66
1995-01-20,5.89,6.47,7.02,7.74,5.70,6.19,6.58
1995-01-27,5.95,6.47,6.95,7.78,5.77,6.18,6.50
1995-02-03,6.00,6.42,6.88,7.62,5.82,6.14,6.43
1995-02-10,5.96,6.36,6.79,7.56,5.79,6.09,6.37
1995-02-17,5.92,6.32,6.70,7.48,5.75,6.04,6.29
1995-02-24,5.88,6.21,6.54,7.36,5.72,5.94,6.15
1995-03-03,5.93,6.20,6.47,7.27,5.74,5.91,6.07
1995-03-10,5.94,6.25,6.54,7.35,5.76,5.96,6.14
1995-03-17,5.93,6.18,6.39,7.11,5.75,5.90,6.00
1995-03-24,5.90,6.15,6.37,7.16,5.72,5.87,5.97
1995-03-31,5.86,6.08,6.38,7.15,5.69,5.81,5.98
1995-04-07,5.89,6.13,6.38,7.12,5.70,5.84,5.99
1995-04-14,5.82,6.05,6.28,7.08,5.63,5.78,5.90
1995-04-21,5.79,5.98,6.17,7.03,5.61,5.71,5.80
1995-04-28,5.85,6.03,6.24,7.03,5.67,5.76,5.85
1995-05-05,5.83,5.98,6.16,6.93,5.65,5.71,5.79
1995-05-12,5.83,5.92,6.00,6.66,5.64,5.66,5.65
1995-05-19,5.87,5.93,5.98,6.59,5.69,5.67,5.64
1995-05-26,5.87,5.92,5.92,6.49,5.69,5.66,5.59
1995-06-02,5.72,5.74,5.71,6.23,5.55,5.49,5.38
1995-06-09,5.73,5.73,5.69,6.20,5.56,5.48,5.37
1995-06-16,5.65,5.70,5.66,6.21,5.48,5.45,5.35
1995-06-23,5.59,5.64,5.59,6.10,5.42,5.40,5.29
1995-06-30,5.59,5.60,5.65,6.17,5.43,5.37,5.33
1995-07-07,5.61,5.60,5.53,6.12,5.43,5.34,5.23
1995-07-14,5.56,5.56,5.47,6.09,5.39,5.32,5.17
1995-07-21,5.61,5.66,5.64,6.37,5.43,5.42,5.31
1995-07-28,5.60,5.65,5.72,6.46,5.44,5.40,5.39
1995-08-04,5.59,5.65,5.68,6.48,5.42,5.40,5.36
1995-08-11,5.57,5.65,5.71,6.50,5.40,5.41,5.39
1995-08-18,5.61,5.71,5.86,6.57,5.44,5.46,5.52
1995-08-25,5.57,5.66,5.81,6.52,5.41,5.41,5.48
1995-09-01,5.47,5.55,5.66,6.31,5.31,5.32,5.34
1995-09-08,5.50,5.56,5.63,6.20,5.33,5.32,5.32
1995-09-15,5.47,5.53,5.59,6.15,5.31,5.29,5.29
1995-09-22,5.37,5.48,5.57,6.17,5.22,5.25,5.26
1995-09-29,5.41,5.58,5.69,6.26,5.26,5.35,5.37
1995-10-06,5.48,5.60,5.61,6.10,5.30,5.35,5.30
1995-10-13,5.46,5.57,5.60,6.05,5.30,5.33,5.29
1995-10-20,5.43,5.56,5.59,5.99,5.27,5.32,5.28
1995-10-27,5.39,5.54,5.58,6.04,5.24,5.31,5.27
1995-11-03,5.47,5.51,5.48,5.98,5.31,5.27,5.19
1995-11-10,5.54,5.53,5.45,5.97,5.38,5.29,5.16
1995-11-17,5.55,5.52,5.43,5.96,5.38,5.29,5.14
1995-11-24,5.51,5.49,5.44,5.92,5.35,5.27,5.14
1995-12-01,5.49,5.48,5.39,5.82,5.33,5.25,5.11
1995-12-08,5.48,5.43,5.35,5.68,5.32,5.20,5.08
1995-12-15,5.41,5.41,5.35,5.73,5.26,5.19,5.06
1995-12-22,5.16,5.31,5.30,5.78,5.02,5.09,5.01
1995-12-29,5.04,5.19,5.21,5.64,4.89,4.98,4.94
1996-01-05,5.20,5.23,5.18,5.63,5.02,5.00,4.91
1996-01-12,5.18,5.20,5.17,5.74,5.03,4.98,4.89
1996-01-19,5.12,5.05,5.03,5.58,4.98,4.85,4.77
1996-01-26,5.12,5.11,5.05,5.65,4.97,4.90,4.79
1996-02-02,5.08,5.01,4.93,5.64,4.93,4.81,4.69
1996-02-09,4.95,4.95,4.85,5.67,4.81,4.75,4.61
1996-02-16,4.92,4.90,4.81,5.65,4.79,4.70,4.57
1996-02-23,4.97,5.02,5.04,5.97,4.82,4.82,4.78
1996-03-01,5.00,5.01,5.14,6.06,4.87,4.82,4.87
1996-03-08,5.02,5.06,5.15,6.08,4.89,4.87,4.89
1996-03-15,5.10,5.19,5.41,6.37,4.97,4.99,5.13
1996-03-22,5.14,5.24,5.44,6.36,5.00,5.03,5.15
1996-03-29,5.15,5.19,5.42,6.32,5.00,5.00,5.13
1996-04-05,5.15,5.27,5.48,6.35,5.01,5.06,5.18
1996-04-12,5.10,5.32,5.62,6.60,4.97,5.11,5.31
1996-04-19,4.97,5.23,5.51,6.52,4.85,5.03,5.21
1996-04-26,5.10,5.23,5.52,6.53,4.96,5.04,5.21
1996-05-03,5.13,5.31,5.63,6.74,5.00,5.10,5.33
1996-05-10,5.13,5.33,5.67,6.82,5.00,5.12,5.35
1996-05-17,5.15,5.32,5.59,6.68,5.01,5.11,5.28
1996-05-24,5.18,5.33,5.59,6.65,5.04,5.12,5.27
1996-05-31,5.18,5.35,5.70,6.77,5.04,5.14,5.39
1996-06-07,5.22,5.43,5.78,6.85,5.09,5.22,5.46
1996-06-14,5.25,5.52,5.86,6.99,5.11,5.30,5.52
1996-06-21,5.23,5.47,5.82,6.95,5.09,5.25,5.48
1996-06-28,5.22,5.42,5.79,6.86,5.09,5.22,5.47
1996-07-05,5.29,5.49,5.82,6.85,5.13,5.26,5.49
1996-07-12,5.30,5.58,5.90,6.95,5.15,5.34,5.57
1996-07-19,5.28,5.50,5.80,6.81,5.13,5.28,5.47
1996-07-26,5.30,5.53,5.85,6.85,5.16,5.30,5.53
1996-08-02,5.30,5.45,5.80,6.76,5.15,5.24,5.48
1996-08-09,5.17,5.32,5.60,6.54,5.03,5.11,5.30
1996-08-16,5.18,5.32,5.62,6.56,5.03,5.11,5.30
1996-08-23,5.16,5.32,5.64,6.63,5.02,5.10,5.34
1996-08-30,5.23,5.40,5.81,6.84,5.09,5.18,5.48
1996-09-06,5.33,5.58,5.95,6.95,5.19,5.35,5.61
1996-09-13,5.28,5.49,5.88,6.88,5.13,5.28,5.54
1996-09-20,5.27,5.46,5.82,6.82,5.12,5.25,5.50
1996-09-27,5.12,5.33,5.72,6.73,4.98,5.13,5.40
1996-10-04,5.06,5.31,5.61,6.61,4.91,5.08,5.30
1996-10-11,5.13,5.31,5.57,6.55,4.98,5.10,5.26
1996-10-18,5.14,5.32,5.55,6.54,5.00,5.11,5.26
1996-10-25,5.14,5.34,5.56,6.55,5.00,5.13,5.26
1996-11-01,5.16,5.31,5.48,6.42,5.03,5.10,5.18
1996-11-08,5.17,5.28,5.44,6.30,5.03,5.08,5.15
1996-11-15,5.17,5.28,5.41,6.18,5.03,5.07,5.13
1996-11-22,5.18,5.26,5.42,6.16,5.03,5.06,5.13
1996-11-29,5.16,5.27,5.41,6.12,5.02,5.06,5.13
1996-12-06,5.05,5.22,5.42,6.15,4.92,5.02,5.14
1996-12-13,4.95,5.20,5.46,6.31,4.83,5.00,5.17
1996-12-20,5.01,5.26,5.51,6.40,4.88,5.06,5.22
1996-12-27,5.10,5.28,5.50,6.34,4.97,5.08,5.20
1997-01-03,5.20,5.33,5.55,6.45,5.05,5.12,5.25
1997-01-10,5.16,5.30,5.61,6.57,5.03,5.10,5.31
1997-01-17,5.15,5.28,5.61,6.56,5.03,5.08,5.30
1997-01-24,5.18,5.33,5.61,6.58,5.04,5.12,5.30
1997-01-31,5.18,5.30,5.62,6.62,5.04,5.10,5.30
1997-02-07,5.13,5.28,5.53,6.46,4.99,5.07,5.24
1997-02-14,5.14,5.24,5.49,6.37,5.00,5.04,5.20
1997-02-21,5.11,5.24,5.47,6.33,4.97,5.02,5.18
1997-02-28,5.19,5.30,5.60,6.50,5.05,5.10,5.29
1997-03-07,5.23,5.41,5.70,6.59,5.09,5.19,5.39
1997-03-14,5.22,5.41,5.72,6.63,5.08,5.20,5.40
1997-03-21,5.31,5.52,5.81,6.73,5.17,5.29,5.48
1997-03-28,5.39,5.59,5.94,6.79,5.25,5.36,5.59
1997-04-04,5.31,5.54,5.99,6.90,5.17,5.32,5.65
1997-04-11,5.27,5.60,5.99,6.92,5.14,5.37,5.65
1997-04-18,5.30,5.63,5.98,6.89,5.16,5.40,5.64
1997-04-25,5.34,5.62,6.01,6.89,5.19,5.40,5.66
1997-05-02,5.29,5.57,5.93,6.76,5.15,5.34,5.60
1997-05-09,5.21,5.55,5.90,6.70,5.06,5.32,5.57
1997-05-16,5.20,5.55,5.86,6.68,5.05,5.31,5.53
1997-05-23,5.25,5.52,5.85,6.73,5.10,5.29,5.51
1997-05-30,5.09,5.48,5.86,6.75,4.94,5.25,5.53
1997-06-06,5.08,5.40,5.76,6.61,4.91,5.20,5.44
1997-06-13,5.01,5.38,5.72,6.52,4.88,5.17,5.40
1997-06-20,5.05,5.31,5.65,6.40,4.91,5.10,5.34
1997-06-27,5.10,5.27,5.65,6.45,4.99,5.08,5.35
1997-07-04,5.19,5.31,5.63,6.42,5.04,5.09,5.32
1997-07-11,5.13,5.30,5.54,6.26,4.99,5.09,5.24
1997-07-18,5.21,5.33,5.56,6.23,5.05,5.12,5.24
1997-07-25,5.22,5.36,5.54,6.18,5.08,5.15,5.25
1997-08-01,5.25,5.36,5.48,6.11,5.11,5.14,5.19
1997-08-08,5.29,5.43,5.55,6.26,5.15,5.21,5.25
1997-08-15,5.31,5.43,5.59,6.33,5.17,5.21,5.29
1997-08-22,5.25,5.35,5.54,6.27,5.12,5.15,5.24
1997-08-29,5.26,5.39,5.59,6.36,5.13,5.18,5.29
1997-09-05,5.17,5.38,5.58,6.34,5.03,5.17,5.28
1997-09-12,5.13,5.35,5.59,6.34,5.00,5.14,5.29
1997-09-19,5.09,5.28,5.48,6.14,4.97,5.09,5.19
1997-09-26,4.98,5.19,5.47,6.08,4.85,4.99,5.18
1997-10-03,5.07,5.26,5.45,6.06,4.92,5.04,5.16
1997-10-10,5.10,5.26,5.45,6.04,4.95,5.05,5.16
1997-10-17,5.07,5.33,5.52,6.11,4.94,5.12,5.23
1997-10-24,5.12,5.37,5.53,6.09,4.97,5.15,5.23
1997-10-31,5.18,5.28,5.35,5.90,5.04,5.07,5.07
1997-11-07,5.28,5.33,5.44,5.92,5.14,5.13,5.15
1997-11-14,5.29,5.37,5.44,5.88,5.16,5.16,5.15
1997-11-21,5.29,5.38,5.46,5.84,5.15,5.17,5.18
1997-11-28,5.27,5.44,5.50,5.86,5.13,5.22,5.21
1997-12-05,5.27,5.42,5.54,5.86,5.13,5.22,5.25
1997-12-12,5.23,5.45,5.53,5.87,5.10,5.23,5.23
1997-12-19,5.26,5.42,5.49,5.77,5.12,5.21,5.20
1997-12-26,5.41,5.51,5.55,5.74,5.27,5.28,5.26
1998-01-02,5.40,5.46,5.52,5.75,5.24,5.24,5.23
1998-01-09,5.17,5.25,5.25,5.49,5.04,5.04,4.99
1998-01-16,5.15,5.16,5.18,5.45,5.00,4.97,4.92
1998-01-23,5.14,5.22,5.22,5.59,5.02,5.02,4.96
1998-01-30,5.22,5.26,5.28,5.63,5.06,5.06,5.01
1998-02-06,5.19,5.26,5.26,5.59,5.05,5.04,4.99
1998-02-13,5.22,5.24,5.28,5.57,5.07,5.04,5.01
1998-02-20,5.21,5.30,5.28,5.50,5.06,5.08,5.02
1998-02-27,5.30,5.31,5.42,5.63,5.16,5.11,5.14
1998-03-06,5.20,5.30,5.43,5.75,5.08,5.08,5.15
1998-03-13,5.09,5.22,5.37,5.62,4.97,5.02,5.09
1998-03-20,5.16,5.26,5.36,5.57,5.02,5.05,5.08
1998-03-27,5.19,5.20,5.39,5.63,5.05,5.02,5.12
1998-04-03,5.13,5.24,5.36,5.61,5.00,5.03,5.09
1998-04-10,5.08,5.21,5.30,5.55,4.95,5.01,5.03
1998-04-17,5.10,5.30,5.39,5.61,4.97,5.09,5.11
1998-04-24,5.08,5.26,5.40,5.67,4.94,5.06,5.12
1998-05-01,5.05,5.30,5.45,5.75,4.91,5.09,5.17
1998-05-08,5.12,5.33,5.43,5.68,4.97,5.11,5.15
1998-05-15,5.15,5.38,5.46,5.70,5.01,5.16,5.18
1998-05-22,5.22,5.39,5.45,5.64,5.08,5.18,5.17
1998-05-29,5.09,5.35,5.43,5.57,4.95,5.15,5.15
1998-06-05,5.11,5.32,5.42,5.57,4.95,5.11,5.14
1998-06-12,5.14,5.36,5.42,5.51,5.00,5.14,5.14
1998-06-19,5.19,5.33,5.40,5.47,5.04,5.12,5.12
1998-06-26,5.06,5.32,5.41,5.46,4.93,5.11,5.13
1998-07-03,5.11,5.23,5.38,5.44,4.94,5.03,5.10
1998-07-10,5.08,5.23,5.34,5.41,4.94,5.02,5.07
1998-07-17,5.15,5.23,5.36,5.49,5.01,5.04,5.08
1998-07-24,5.08,5.25,5.36,5.46,4.96,5.04,5.08
1998-07-31,5.07,5.21,5.37,5.50,4.95,5.01,5.09
1998-08-07,5.07,5.21,5.31,5.43,4.93,5.00,5.04
1998-08-14,5.04,5.14,5.23,5.40,4.89,4.94,4.97
1998-08-21,5.05,5.17,5.24,5.39,4.92,4.97,4.97
1998-08-28,5.03,5.10,5.10,5.20,4.89,4.91,4.85
1998-09-04,4.90,4.99,4.91,5.05,4.76,4.79,4.68
1998-09-11,4.87,4.89,4.76,4.90,4.73,4.71,4.55
1998-09-18,4.74,4.87,4.76,4.83,4.62,4.69,4.54
1998-09-25,4.67,4.69,4.61,4.67,4.53,4.52,4.40
1998-10-02,4.38,4.49,4.41,4.46,4.26,4.33,4.22
1998-10-09,4.07,4.24,4.18,4.41,3.96,4.10,4.01
1998-10-16,3.95,4.14,4.14,4.58,3.84,3.99,3.96
1998-10-23,3.97,4.08,4.01,4.59,3.85,3.94,3.84
1998-10-30,4.21,4.25,4.10,4.63,4.12,4.11,3.93
1998-11-06,4.56,4.59,4.46,4.83,4.43,4.43,4.27
1998-11-13,4.52,4.59,4.52,4.82,4.42,4.43,4.34
1998-11-20,4.46,4.55,4.54,4.85,4.35,4.38,4.33
1998-11-27,4.58,4.63,4.59,4.83,4.47,4.45,4.38
1998-12-04,4.49,4.51,4.46,4.64,4.38,4.36,4.26
1998-12-11,4.46,4.54,4.49,4.60,4.36,4.38,4.31
1998-12-18,4.48,4.54,4.47,4.59,4.37,4.38,4.27
1998-12-25,4.54,4.66,4.63,4.75,4.44,4.48,4.41
1999-01-01,4.55,4.62,4.59,4.70,4.44,4.45,4.38
1999-01-08,4.47,4.54,4.55,4.76,4.36,4.38,4.35
1999-01-15,4.46,4.48,4.51,4.75,4.35,4.33,4.30
1999-01-22,4.37,4.47,4.49,4.70,4.26,4.30,4.29
1999-01-29,4.47,4.46,4.51,4.67,4.35,4.30,4.30
1999-02-05,4.51,4.57,4.61,4.84,4.40,4.40,4.40
1999-02-12,4.52,4.57,4.67,4.95,4.40,4.41,4.45
1999-02-19,4.54,4.63,4.71,5.03,4.42,4.45,4.49
1999-02-26,4.65,4.67,4.82,5.18,4.53,4.51,4.58
1999-03-05,4.65,4.75,4.89,5.38,4.52,4.56,4.63
1999-03-12,4.61,4.69,4.77,5.21,4.48,4.51,4.53
1999-03-19,4.54,4.67,4.74,5.14,4.42,4.48,4.50
1999-03-26,4.51,4.55,4.75,5.20,4.39,4.38,4.50
1999-04-02,4.47,4.51,4.72,5.24,4.35,4.34,4.48
1999-04-09,4.41,4.53,4.66,5.11,4.29,4.35,4.43
1999-04-16,4.32,4.51,4.67,5.14,4.20,4.34,4.43
1999-04-23,4.39,4.55,4.70,5.20,4.26,4.38,4.45
1999-04-30,4.51,4.61,4.73,5.26,4.39,4.43,4.49
1999-05-07,4.62,4.68,4.78,5.45,4.49,4.50,4.54
1999-05-14,4.61,4.70,4.79,5.53,4.48,4.52,4.55
1999-05-21,4.64,4.79,4.89,5.61,4.51,4.60,4.63
1999-05-28,4.65,4.81,4.93,5.56,4.52,4.62,4.66
1999-06-04,4.68,4.96,5.08,5.80,4.53,4.75,4.81
1999-06-11,4.65,5.02,5.12,5.89,4.50,4.81,4.84
1999-06-18,4.70,5.02,5.03,5.91,4.56,4.82,4.77
1999-06-25,4.75,5.06,5.14,5.98,4.61,4.85,4.85
1999-07-02,4.77,5.06,5.11,5.87,4.63,4.85,4.84
1999-07-09,4.69,4.76,5.06,5.87,4.55,4.61,4.78
1999-07-16,4.71,4.70,5.01,5.72,4.57,4.52,4.72
1999-07-23,4.63,4.67,4.98,5.72,4.50,4.49,4.71
1999-07-30,4.71,4.79,5.07,5.86,4.59,4.61,4.80
1999-08-06,4.80,4.99,5.13,5.95,4.65,4.78,4.85
1999-08-13,4.87,5.11,5.23,6.08,4.72,4.90,4.94
1999-08-20,4.81,5.10,5.20,5.91,4.65,4.88,4.91
1999-08-27,4.97,5.10,5.19,5.81,4.81,4.89,4.91
1999-09-03,4.96,5.19,5.29,5.97,4.82,4.97,5.00
1999-09-10,4.81,5.14,5.28,5.94,4.67,4.93,4.99
1999-09-17,4.75,5.09,5.26,5.92,4.61,4.89,4.97
1999-09-24,4.81,5.05,5.23,5.88,4.65,4.85,4.95
1999-10-01,4.86,4.99,5.24,5.92,4.71,4.79,4.94
1999-10-08,4.84,5.11,5.34,6.02,4.69,4.88,5.03
1999-10-15,4.99,5.16,5.42,6.11,4.84,4.94,5.11
1999-10-22,5.13,5.25,5.47,6.18,4.97,5.03,5.16
1999-10-29,5.13,5.32,5.51,6.16,4.96,5.10,5.20
1999-11-05,5.13,5.32,5.45,6.00,4.98,5.10,5.15
1999-11-12,5.21,5.39,5.50,5.96,5.05,5.16,5.19
1999-11-19,5.26,5.45,5.56,6.02,5.10,5.22,5.25
1999-11-26,5.28,5.50,5.65,6.10,5.12,5.27,5.33
1999-12-03,5.29,5.57,5.73,6.20,5.13,5.33,5.39
1999-12-10,5.24,5.56,5.69,6.13,5.09,5.33,5.37
1999-12-17,5.39,5.72,5.85,6.24,5.23,5.48,5.51
1999-12-24,5.56,5.83,5.97,6.39,5.38,5.56,5.62
1999-12-31,5.33,5.72,5.95,6.41,5.17,5.47,5.60
2000-01-07,5.43,5.73,6.03,6.56,5.26,5.48,5.68
2000-01-14,5.42,5.67,6.12,6.66,5.26,5.43,5.74
2000-01-21,5.51,5.81,6.13,6.77,5.31,5.53,5.76
2000-01-28,5.59,5.80,6.17,6.68,5.41,5.55,5.78
2000-02-04,5.69,5.93,6.24,6.58,5.50,5.66,5.86
2000-02-11,5.68,6.00,6.20,6.62,5.49,5.72,5.83
2000-02-18,5.73,6.02,6.23,6.55,5.55,5.74,5.85
2000-02-25,5.81,6.02,6.22,6.38,5.62,5.74,5.84
2000-03-03,5.78,6.02,6.18,6.39,5.62,5.76,5.83
2000-03-10,5.84,6.08,6.18,6.39,5.67,5.82,5.83
2000-03-17,5.87,6.12,6.20,6.28,5.71,5.86,5.84
2000-03-24,5.92,6.14,6.24,6.14,5.74,5.88,5.88
2000-03-31,5.88,6.16,6.30,6.13,5.71,5.90,5.93
2000-04-07,5.87,6.12,6.17,5.92,5.70,5.85,5.83
2000-04-14,5.83,6.08,6.14,5.89,5.67,5.82,5.80
2000-04-21,5.81,6.02,6.09,6.01,5.65,5.76,5.75
2000-04-28,5.78,6.05,6.19,6.15,5.62,5.79,5.82
2000-05-05,5.94,6.24,6.24,6.40,5.74,5.96,5.89
2000-05-12,6.15,6.45,6.38,6.50,5.94,6.15,6.01
2000-05-19,6.06,6.46,6.40,6.49,5.86,6.17,6.01
2000-05-26,5.92,6.40,6.28,6.42,5.73,6.11,5.89
2000-06-02,5.78,6.33,6.30,6.26,5.59,6.04,5.89
2000-06-09,5.94,6.30,6.23,6.13,5.76,6.01,5.87
2000-06-16,5.86,6.23,6.14,6.06,5.68,5.96,5.80
2000-06-23,5.83,6.19,6.15,6.09,5.66,5.93,5.81
2000-06-30,5.84,6.23,6.13,6.08,5.67,5.95,5.79
2000-07-07,6.01,6.21,6.08,6.01,5.82,5.94,5.74
2000-07-14,6.14,6.26,6.09,6.06,5.96,5.99,5.76
2000-07-21,6.16,6.30,6.11,6.10,5.98,6.03,5.77
2000-07-28,6.20,6.29,6.06,6.04,6.01,6.02,5.73
2000-08-04,6.25,6.36,6.09,5.98,6.05,6.07,5.78
2000-08-11,6.27,6.33,6.17,5.85,6.08,6.05,5.85
2000-08-18,6.27,6.35,6.21,5.80,6.09,6.07,5.89
2000-08-25,6.29,6.37,6.20,5.75,6.11,6.08,5.89
2000-09-01,6.31,6.37,6.23,5.76,6.13,6.10,5.90
2000-09-08,6.21,6.29,6.20,5.73,6.02,6.02,5.85
2000-09-15,6.11,6.21,6.14,5.78,5.95,5.94,5.80
2000-09-22,6.16,6.23,6.09,5.88,5.98,5.96,5.76
2000-09-29,6.21,6.27,6.08,5.82,6.03,6.00,5.76
2000-10-06,6.25,6.33,6.06,5.86,6.06,6.04,5.75
2000-10-13,6.22,6.27,5.98,5.76,6.03,6.00,5.68
2000-10-20,6.30,6.28,5.94,5.68,6.11,6.01,5.66
2000-10-27,6.36,6.35,6.01,5.66,6.18,6.08,5.74
2000-11-03,6.38,6.37,6.11,5.76,6.19,6.09,5.86
2000-11-10,6.40,6.38,6.14,5.85,6.22,6.10,5.89
2000-11-17,6.37,6.35,6.09,5.73,6.18,6.07,5.86
2000-11-24,6.36,6.34,6.09,5.65,6.18,6.06,5.87
2000-12-01,6.26,6.25,6.00,5.56,6.08,5.98,5.71
2000-12-08,6.10,6.07,5.78,5.39,5.94,5.81,5.47
2000-12-15,6.06,6.03,5.73,5.29,5.89,5.78,5.44
2000-12-22,5.67,5.77,5.44,5.10,5.51,5.53,5.18
2000-12-29,5.84,5.73,5.34,5.10,5.66,5.50,5.11
2001-01-05,5.51,5.30,4.89,5.01,5.36,5.10,4.71
2001-01-12,5.27,5.14,4.79,5.08,5.13,4.94,4.60
2001-01-19,5.32,5.19,4.85,5.19,5.17,4.99,4.67
2001-01-26,5.24,5.12,4.83,5.29,5.11,4.92,4.64
2001-02-02,5.04,4.91,4.66,5.20,4.91,4.72,4.47
2001-02-09,5.07,4.95,4.72,5.13,4.94,4.76,4.54
2001-02-16,5.05,4.99,4.80,5.11,4.93,4.80,4.61
2001-02-23,4.99,4.87,4.69,5.13,4.87,4.69,4.54
2001-03-02,4.83,4.68,4.47,4.95,4.72,4.51,4.28
2001-03-09,4.74,4.65,4.47,4.95,4.62,4.48,4.27
2001-03-16,4.58,4.49,4.31,4.86,4.47,4.33,4.12
2001-03-23,4.38,4.32,4.17,4.78,4.27,4.17,3.99
2001-03-30,4.32,4.19,4.19,4.95,4.22,4.04,4.01
2001-04-06,4.10,4.07,4.00,4.95,4.01,3.93,3.83
2001-04-13,3.99,4.04,4.07,5.08,3.90,3.91,3.89
2001-04-20,3.96,4.02,4.04,5.24,3.87,3.89,3.87
2001-04-27,3.81,3.83,3.82,5.25,3.72,3.71,3.65
2001-05-04,3.87,3.90,3.90,5.28,3.78,3.77,3.72
2001-05-11,3.74,3.72,3.76,5.29,3.65,3.60,3.58
2001-05-18,3.62,3.71,3.76,5.46,3.54,3.59,3.58
2001-05-25,3.66,3.73,3.78,5.46,3.58,3.61,3.59
2001-06-01,3.67,3.63,3.70,5.48,3.59,3.52,3.51
2001-06-08,3.64,3.61,3.64,5.32,3.56,3.50,3.46
2001-06-15,3.56,3.59,3.59,5.28,3.48,3.48,3.37
2001-06-22,3.50,3.47,3.46,5.23,3.42,3.36,3.26
2001-06-29,3.55,3.55,3.60,5.29,3.47,3.44,3.38
2001-07-06,3.65,3.61,3.70,5.41,3.57,3.50,3.48
2001-07-13,3.62,3.58,3.62,5.31,3.54,3.47,3.41
2001-07-20,3.57,3.56,3.60,5.17,3.49,3.45,3.36
2001-07-27,3.56,3.52,3.59,5.16,3.48,3.41,3.35
2001-08-03,3.54,3.47,3.56,5.13,3.46,3.37,3.34
2001-08-10,3.48,3.42,3.50,5.08,3.41,3.32,3.29
2001-08-17,3.41,3.37,3.44,4.95,3.34,3.27,3.21
2001-08-24,3.40,3.37,3.45,4.90,3.33,3.27,3.22
2001-08-31,3.40,3.33,3.44,4.84,3.33,3.23,ND
2001-09-07,3.37,3.34,3.43,4.91,3.29,3.24,ND
2001-09-14,2.88,2.88,2.95,4.68,2.82,2.80,ND
2001-09-21,2.35,2.45,2.60,4.70,2.30,2.38,ND
2001-09-28,2.39,2.35,2.49,4.66,2.34,2.29,ND
2001-10-05,2.25,2.25,2.40,4.53,2.21,2.20,ND
2001-10-12,2.24,2.23,2.39,4.65,2.20,2.17,ND
2001-10-19,2.21,2.20,2.37,4.60,2.17,2.15,ND
2001-10-26,2.17,2.13,2.31,4.60,2.13,2.08,ND
2001-11-02,2.05,1.98,2.11,4.37,2.01,1.93,ND
2001-11-09,1.87,1.83,1.99,4.30,1.83,1.79,ND
2001-11-16,1.90,1.96,2.24,4.66,1.86,1.91,ND
2001-11-23,1.95,2.01,2.35,4.93,1.91,1.97,ND
2001-11-30,1.87,1.91,2.23,4.92,1.84,1.87,ND
2001-12-07,1.75,1.84,2.21,4.92,1.72,1.80,ND
2001-12-14,1.69,1.77,2.17,5.14,1.66,1.73,ND
2001-12-21,1.71,1.81,2.23,5.14,1.68,1.77,ND
2001-12-28,1.73,1.84,2.28,5.17,1.70,1.80,ND
2002-01-04,1.73,1.83,2.24,5.15,1.70,1.79,ND
2002-01-11,1.66,1.74,2.13,5.04,1.63,1.70,ND
2002-01-18,1.61,1.67,2.03,4.92,1.58,1.63,ND
2002-01-25,1.71,1.80,2.18,5.05,1.68,1.76,ND
2002-02-01,1.75,1.87,2.25,5.05,1.71,1.82,1.66
2002-02-08,1.75,1.84,2.19,4.92,1.72,1.80,1.67
2002-02-15,1.75,1.86,2.24,4.94,1.72,1.82,ND
2002-02-22,1.76,1.87,2.24,4.87,1.73,1.82,ND
2002-03-01,1.77,1.89,2.28,4.90,1.74,1.85,ND
2002-03-08,1.80,1.96,2.41,5.13,1.76,1.91,ND
2002-03-15,1.85,2.06,2.58,5.34,1.81,2.00,ND
2002-03-22,1.85,2.12,2.66,5.37,1.81,2.06,ND
2002-03-29,1.82,2.13,2.70,5.38,1.78,2.07,ND
2002-04-05,1.78,2.09,2.64,5.32,1.75,2.03,ND
2002-04-12,1.72,1.99,2.53,5.22,1.69,1.94,ND
2002-04-19,1.73,1.93,2.42,5.21,1.70,1.88,ND
2002-04-26,1.73,1.91,2.36,5.13,1.70,1.85,ND
2002-05-03,1.77,1.91,2.33,5.11,1.74,1.86,ND
2002-05-10,1.77,1.89,2.31,5.16,1.73,1.84,ND
2002-05-17,1.77,1.93,2.40,5.26,1.73,1.88,ND
2002-05-24,1.75,1.92,2.38,5.17,1.71,1.87,ND
2002-05-31,1.75,1.92,2.35,5.10,1.72,1.87,ND
2002-06-07,1.75,1.90,2.32,5.06,1.72,1.85,ND
2002-06-14,1.74,1.85,2.24,4.97,1.70,1.80,ND
2002-06-21,1.73,1.81,2.13,4.83,1.69,1.76,ND
2002-06-28,1.71,1.78,2.10,4.84,1.68,1.73,ND
2002-07-05,1.72,1.76,2.06,4.83,1.69,1.72,ND
2002-07-12,1.72,1.75,2.00,4.71,1.69,1.71,ND
2002-07-19,1.72,1.74,1.97,4.68,1.69,1.70,ND
2002-07-26,1.70,1.70,1.88,4.47,1.67,1.66,ND
2002-08-02,1.69,1.69,1.82,4.52,1.66,1.65,ND
2002-08-09,1.62,1.58,1.67,4.35,1.59,1.55,ND
2002-08-16,1.64,1.62,1.76,4.18,1.61,1.59,ND
2002-08-23,1.64,1.66,1.81,4.24,1.61,1.62,ND
2002-08-30,1.68,1.68,1.80,4.21,1.65,1.64,ND
2002-09-06,1.64,1.62,1.70,3.98,1.61,1.58,ND
2002-09-13,1.69,1.68,1.78,4.00,1.66,1.64,ND
2002-09-20,1.68,1.67,1.73,3.84,1.65,1.63,ND
2002-09-27,1.65,1.61,1.68,3.73,1.62,1.58,ND
2002-10-04,1.58,1.53,1.55,3.69,1.55,1.50,ND
2002-10-11,1.59,1.56,1.59,3.68,1.56,1.53,ND
2002-10-18,1.67,1.68,1.77,4.11,1.64,1.64,ND
2002-10-25,1.67,1.68,1.79,4.21,1.64,1.64,ND
2002-11-01,1.50,1.46,1.51,4.00,1.47,1.43,ND
2002-11-08,1.30,1.33,1.46,4.00,1.28,1.30,ND
2002-11-15,1.22,1.27,1.46,3.94,1.20,1.24,ND
2002-11-22,1.22,1.27,1.51,4.08,1.20,1.25,ND
2002-11-29,1.23,1.30,1.55,4.19,1.21,1.27,ND
2002-12-06,1.22,1.29,1.53,4.17,1.20,1.27,ND
2002-12-13,1.21,1.27,1.47,4.04,1.19,1.25,ND
2002-12-20,1.22,1.26,1.43,4.05,1.20,1.24,ND
2002-12-27,1.18,1.26,1.41,3.92,1.16,1.23,ND
2003-01-03,1.22,1.24,1.38,3.94,1.20,1.22,ND
2003-01-10,1.20,1.25,1.41,4.10,1.18,1.23,ND
2003-01-17,1.19,1.23,1.38,4.10,1.17,1.21,ND
2003-01-24,1.17,1.20,1.32,3.97,1.15,1.18,ND
2003-01-31,1.18,1.19,1.32,4.01,1.16,1.17,ND
2003-02-07,1.17,1.19,1.32,3.98,1.15,1.17,ND
2003-02-14,1.18,1.19,1.30,3.95,1.16,1.17,ND
2003-02-21,1.19,1.20,1.30,3.89,1.17,1.18,ND
2003-02-28,1.21,1.20,1.27,3.78,1.19,1.18,ND
2003-03-07,1.17,1.18,1.22,3.65,1.15,1.15,ND
2003-03-14,1.11,1.10,1.16,3.65,1.09,1.07,ND
2003-03-21,1.16,1.18,1.32,3.97,1.14,1.15,ND
2003-03-28,1.17,1.18,1.27,3.96,1.15,1.15,ND
2003-04-04,1.12,1.11,1.19,3.90,1.10,1.09,ND
2003-04-11,1.15,1.16,1.25,3.97,1.13,1.13,ND
2003-04-18,1.18,1.21,1.33,3.99,1.16,1.18,ND
2003-04-25,1.16,1.20,1.31,3.97,1.14,1.17,ND
2003-05-02,1.13,1.16,1.25,3.92,1.11,1.13,ND
2003-05-09,1.11,1.14,1.23,3.77,1.09,1.11,ND
2003-05-16,1.07,1.10,1.20,3.56,1.05,1.08,ND
2003-05-23,1.06,1.07,1.13,3.38,1.04,1.05,ND
2003-05-30,1.11,1.09,1.13,3.39,1.09,1.07,ND
2003-06-06,1.07,1.05,1.08,3.36,1.05,1.03,ND
2003-06-13,0.94,0.93,0.97,3.20,0.92,0.91,ND
2003-06-20,0.86,0.87,0.95,3.31,0.84,0.85,ND
2003-06-27,0.88,0.91,1.02,3.42,0.86,0.89,ND
2003-07-04,0.88,0.96,1.07,3.58,0.87,0.94,ND
2003-07-11,0.90,0.96,1.08,3.72,0.88,0.94,ND
2003-07-18,0.91,0.96,1.10,3.93,0.89,0.94,ND
2003-07-25,0.93,0.98,1.13,4.18,0.91,0.96,ND
2003-08-01,0.97,1.02,1.22,4.40,0.95,1.00,ND
2003-08-08,0.96,1.04,1.26,4.34,0.94,1.02,ND
2003-08-15,0.96,1.05,1.29,4.49,0.94,1.03,ND
2003-08-22,0.97,1.05,1.33,4.47,0.95,1.03,ND
2003-08-29,1.00,1.06,1.35,4.49,0.98,1.04,ND
2003-09-05,0.97,1.05,1.33,4.52,0.95,1.03,ND
2003-09-12,0.96,1.03,1.22,4.34,0.94,1.01,ND
2003-09-19,0.95,1.02,1.21,4.23,0.93,1.00,ND
2003-09-26,0.94,1.03,1.22,4.16,0.93,1.01,ND
2003-10-03,0.95,1.01,1.17,4.05,0.93,0.99,ND
2003-10-10,0.92,1.00,1.20,4.26,0.90,0.98,ND
2003-10-17,0.93,1.02,1.29,4.42,0.91,1.00,ND
2003-10-24,0.95,1.03,1.30,4.33,0.93,1.01,ND
2003-10-31,0.96,1.04,1.30,4.31,0.94,1.02,ND
2003-11-07,0.96,1.05,1.35,4.41,0.94,1.03,ND
2003-11-14,0.95,1.05,1.36,4.36,0.93,1.03,ND
2003-11-21,0.95,1.03,1.30,4.18,0.93,1.01,ND
2003-11-28,0.95,1.04,1.35,4.25,0.93,1.02,ND
2003-12-05,0.94,1.04,1.37,4.36,0.92,1.02,ND
2003-12-12,0.92,1.02,1.31,4.29,0.90,1.00,ND
2003-12-19,0.90,0.98,1.27,4.20,0.88,0.96,ND
2003-12-26,0.89,1.00,1.28,4.21,0.88,0.98,ND
2004-01-02,0.93,1.02,1.29,4.30,0.91,1.00,ND
2004-01-09,0.90,1.02,1.29,4.27,0.88,1.00,ND
2004-01-16,0.89,0.97,1.19,4.04,0.87,0.95,ND
2004-01-23,0.89,0.97,1.20,4.05,0.87,0.95,ND
2004-01-30,0.92,1.00,1.25,4.17,0.90,0.98,ND
2004-02-06,0.94,1.02,1.28,4.16,0.92,1.00,ND
2004-02-13,0.93,1.00,1.24,4.08,0.92,0.98,ND
2004-02-20,0.94,1.00,1.23,4.06,0.92,0.98,ND
2004-02-27,0.96,1.02,1.22,4.03,0.94,1.00,ND
2004-03-05,0.96,1.02,1.23,4.00,0.94,1.00,ND
2004-03-12,0.96,1.00,1.16,3.75,0.94,0.98,ND
2004-03-19,0.94,1.01,1.18,3.75,0.93,0.99,ND
2004-03-26,0.94,1.00,1.17,3.76,0.93,0.98,ND
2004-04-02,0.95,1.02,1.23,3.95,0.93,1.00,ND
2004-04-09,0.94,1.05,1.32,4.21,0.93,1.03,ND
2004-04-16,0.94,1.09,1.41,4.36,0.93,1.07,ND
2004-04-23,0.97,1.15,1.50,4.43,0.96,1.13,ND
2004-04-30,0.98,1.17,1.55,4.49,0.96,1.15,ND
2004-05-07,1.01,1.23,1.63,4.62,1.00,1.20,ND
2004-05-14,1.03,1.34,1.83,4.81,1.02,1.32,ND
2004-05-21,1.04,1.37,1.83,4.74,1.03,1.34,ND
2004-05-28,1.07,1.39,1.82,4.68,1.06,1.37,ND
2004-06-04,1.18,1.46,1.92,4.74,1.16,1.43,ND
2004-06-11,1.27,1.59,2.07,4.80,1.25,1.56,ND
2004-06-18,1.32,1.70,2.22,4.75,1.30,1.66,ND
2004-06-25,1.31,1.69,2.16,4.69,1.29,1.65,ND
2004-07-02,1.32,1.69,2.14,4.63,1.30,1.65,ND
2004-07-09,1.30,1.65,2.04,4.49,1.28,1.61,ND
2004-07-16,1.34,1.68,2.07,4.47,1.32,1.64,ND
2004-07-23,1.36,1.70,2.12,4.46,1.34,1.66,ND
2004-07-30,1.45,1.78,2.16,4.56,1.43,1.74,ND
2004-08-06,1.48,1.75,2.07,4.41,1.45,1.71,ND
2004-08-13,1.46,1.73,1.99,4.28,1.44,1.69,ND
2004-08-20,1.49,1.75,1.98,4.23,1.46,1.71,ND
2004-08-27,1.55,1.80,2.03,4.25,1.52,1.76,ND
2004-09-03,1.61,1.82,2.03,4.19,1.58,1.78,ND
2004-09-10,1.65,1.89,2.10,4.21,1.63,1.85,ND
2004-09-17,1.67,1.88,2.09,4.14,1.65,1.84,ND
2004-09-24,1.72,1.94,2.14,4.04,1.69,1.90,ND
2004-10-01,1.72,2.00,2.20,4.10,1.69,1.95,ND
2004-10-08,1.71,2.03,2.24,4.20,1.68,1.98,ND
2004-10-15,1.74,2.00,2.18,4.08,1.70,1.95,ND
2004-10-22,1.83,2.05,2.22,4.03,1.80,2.00,ND
2004-10-29,1.91,2.12,2.27,4.05,1.87,2.07,ND
2004-11-05,1.99,2.21,2.35,4.12,1.95,2.15,ND
2004-11-12,2.08,2.30,2.47,4.22,2.04,2.25,ND
2004-11-19,2.13,2.35,2.53,4.17,2.09,2.29,ND
2004-11-26,2.20,2.41,2.60,4.20,2.15,2.35,ND
2004-12-03,2.22,2.42,2.62,4.35,2.18,2.36,ND
2004-12-10,2.25,2.43,2.60,4.19,2.21,2.37,ND
2004-12-17,2.21,2.48,2.66,4.16,2.18,2.42,ND
2004-12-24,2.20,2.54,2.71,4.21,2.17,2.48,ND
2004-12-31,2.23,2.61,2.77,4.29,2.20,2.54,ND
2005-01-07,2.32,2.63,2.82,4.28,2.29,2.56,ND
2005-01-14,2.35,2.66,2.85,4.25,2.31,2.59,ND
2005-01-21,2.37,2.68,2.87,4.19,2.33,2.61,ND
2005-01-28,2.41,2.71,2.89,4.19,2.38,2.64,ND
2005-02-04,2.50,2.77,2.95,4.14,2.46,2.70,ND
2005-02-11,2.51,2.79,2.96,4.06,2.48,2.72,ND
2005-02-18,2.59,2.86,3.05,4.16,2.54,2.78,ND
2005-02-25,2.69,2.94,3.13,4.28,2.65,2.86,ND
2005-03-04,2.75,3.00,3.20,4.37,2.70,2.92,ND
2005-03-11,2.76,3.04,3.24,4.45,2.70,2.95,ND
2005-03-18,2.80,3.10,3.31,4.51,2.74,3.01,ND
2005-03-25,2.85,3.15,3.38,4.59,2.80,3.06,ND
2005-04-01,2.82,3.15,3.38,4.55,2.76,3.06,ND
2005-04-08,2.78,3.13,3.33,4.48,2.73,3.04,ND
2005-04-15,2.77,3.15,3.32,4.37,2.72,3.06,ND
2005-04-22,2.90,3.13,3.28,4.26,2.84,3.04,ND
2005-04-29,2.90,3.17,3.33,4.24,2.85,3.08,ND
2005-05-06,2.88,3.18,3.33,4.22,2.82,3.09,ND
2005-05-13,2.88,3.18,3.35,4.21,2.82,3.09,ND
2005-05-20,2.88,3.16,3.32,4.11,2.82,3.07,ND
2005-05-27,2.95,3.16,3.32,4.07,2.89,3.07,ND
2005-06-03,2.99,3.14,3.28,3.95,2.92,3.05,ND
2005-06-10,3.01,3.14,3.30,3.97,2.95,3.05,ND
2005-06-17,3.00,3.22,3.39,4.10,2.94,3.13,ND
2005-06-24,3.05,3.27,3.40,4.00,2.98,3.17,ND
2005-07-01,3.14,3.35,3.46,3.97,3.08,3.25,ND
2005-07-08,3.18,3.40,3.52,4.09,3.11,3.30,ND
2005-07-15,3.22,3.47,3.59,4.16,3.15,3.36,ND
2005-07-22,3.33,3.57,3.68,4.22,3.25,3.46,ND
2005-07-29,3.42,3.67,3.77,4.25,3.35,3.55,ND
2005-08-05,3.48,3.73,3.84,4.34,3.41,3.61,ND
2005-08-12,3.52,3.79,3.90,4.36,3.44,3.67,ND
2005-08-19,3.52,3.80,3.89,4.24,3.45,3.68,ND
2005-08-26,3.54,3.81,3.88,4.20,3.46,3.69,ND
2005-09-02,3.51,3.72,3.77,4.09,3.43,3.61,ND
2005-09-09,3.50,3.72,3.76,4.13,3.42,3.60,ND
2005-09-16,3.47,3.78,3.82,4.19,3.40,3.66,ND
2005-09-23,3.51,3.84,3.88,4.23,3.44,3.72,ND
2005-09-30,3.51,3.89,3.97,4.30,3.44,3.76,ND
2005-10-07,3.61,4.01,4.08,4.37,3.53,3.88,ND
2005-10-14,3.74,4.09,4.14,4.45,3.66,3.96,ND
2005-10-21,3.86,4.16,4.19,4.46,3.77,4.02,ND
2005-10-28,3.91,4.21,4.26,4.55,3.82,4.07,ND
2005-11-04,3.96,4.26,4.32,4.61,3.87,4.12,ND
2005-11-11,3.97,4.31,4.35,4.60,3.88,4.16,ND
2005-11-18,4.01,4.32,4.36,4.52,3.92,4.17,ND
2005-11-25,3.96,4.27,4.30,4.45,3.87,4.13,ND
2005-12-02,3.97,4.31,4.34,4.48,3.88,4.16,ND
2005-12-09,4.00,4.31,4.35,4.52,3.91,4.16,ND
2005-12-16,3.91,4.32,4.34,4.49,3.83,4.17,ND
2005-12-23,3.97,4.35,4.37,4.45,3.89,4.20,ND
2005-12-30,4.01,4.35,4.36,4.37,3.92,4.20,ND
2006-01-06,4.19,4.38,4.37,4.37,4.10,4.23,ND
2006-01-13,4.29,4.43,4.41,4.41,4.20,4.27,ND
2006-01-20,4.36,4.47,4.43,4.36,4.26,4.31,ND
2006-01-27,4.42,4.53,4.50,4.46,4.32,4.37,ND
2006-02-03,4.48,4.61,4.60,4.55,4.37,4.45,ND
2006-02-10,4.50,4.68,4.67,4.56,4.40,4.51,ND
2006-02-17,4.55,4.70,4.70,4.59,4.44,4.53,ND
2006-02-24,4.58,4.72,4.72,4.56,4.47,4.55,ND
2006-03-03,4.62,4.75,4.74,4.61,4.50,4.58,ND
2006-03-10,4.60,4.77,4.77,4.74,4.49,4.60,ND
2006-03-17,4.62,4.80,4.76,4.71,4.50,4.62,ND
2006-03-24,4.67,4.80,4.77,4.69,4.56,4.62,ND
2006-03-31,4.63,4.82,4.82,4.80,4.51,4.64,ND
2006-04-07,4.68,4.85,4.85,4.89,4.56,4.67,ND
2006-04-14,4.70,4.91,4.91,4.98,4.58,4.73,ND
2006-04-21,4.73,4.91,4.90,5.02,4.61,4.73,ND
2006-04-28,4.78,4.94,4.94,5.07,4.66,4.76,ND
2006-05-05,4.82,4.99,4.98,5.14,4.69,4.80,ND
2006-05-12,4.86,5.02,5.01,5.14,4.74,4.83,ND
2006-05-19,4.83,5.00,4.98,5.11,4.71,4.81,ND
2006-05-26,4.83,5.01,4.99,5.05,4.71,4.82,ND
2006-06-02,4.84,5.05,5.03,5.08,4.72,4.86,ND
2006-06-09,4.86,5.06,5.04,5.01,4.74,4.87,ND
2006-06-16,4.89,5.16,5.13,5.05,4.76,4.96,ND
2006-06-23,4.93,5.25,5.24,5.18,4.81,5.05,ND
2006-06-30,5.02,5.29,5.27,5.22,4.89,5.08,ND
2006-07-07,5.03,5.31,5.27,5.18,4.90,5.10,ND
2006-07-14,5.06,5.29,5.24,5.10,4.93,5.08,ND
2006-07-21,5.11,5.28,5.22,5.07,4.97,5.07,ND
2006-07-28,5.10,5.22,5.17,5.05,4.97,5.02,ND
2006-08-04,5.10,5.18,5.10,4.96,4.97,4.98,ND
2006-08-11,5.08,5.17,5.09,4.94,4.95,4.97,ND
2006-08-18,5.10,5.19,5.10,4.90,4.97,4.99,ND
2006-08-25,5.10,5.17,5.07,4.81,4.97,4.97,ND
2006-09-01,5.06,5.14,5.03,4.76,4.93,4.94,ND
2006-09-08,4.97,5.12,5.02,4.79,4.84,4.92,ND
2006-09-15,4.93,5.11,5.02,4.79,4.81,4.92,ND
2006-09-22,4.93,5.07,4.97,4.71,4.81,4.88,ND
2006-09-29,4.88,5.01,4.90,4.60,4.76,4.82,ND
2006-10-06,4.92,5.02,4.90,4.62,4.79,4.83,ND
2006-10-13,5.03,5.12,5.03,4.78,4.90,4.92,ND
2006-10-20,5.09,5.15,5.05,4.78,4.96,4.95,ND
2006-10-27,5.12,5.18,5.07,4.77,4.99,4.98,ND
2006-11-03,5.08,5.14,5.00,4.64,4.95,4.94,ND
2006-11-10,5.09,5.16,5.03,4.64,4.96,4.96,ND
2006-11-17,5.09,5.16,5.03,4.61,4.96,4.96,ND
2006-11-24,5.06,5.15,5.01,4.58,4.93,4.95,ND
2006-12-01,5.04,5.11,4.95,4.49,4.91,4.91,ND
2006-12-08,4.99,5.05,4.90,4.48,4.86,4.86,ND
2006-12-15,4.93,5.07,4.95,4.56,4.81,4.88,ND
2006-12-22,4.97,5.08,4.96,4.60,4.84,4.89,ND
2006-12-29,5.00,5.10,4.99,4.67,4.87,4.91,ND
2007-01-05,5.05,5.09,4.98,4.66,4.92,4.90,ND
2007-01-12,5.09,5.14,5.03,4.70,4.96,4.94,ND
2007-01-19,5.12,5.16,5.08,4.77,4.99,4.96,ND
2007-01-26,5.13,5.18,5.10,4.83,5.00,4.98,ND
2007-02-02,5.13,5.17,5.10,4.86,5.00,4.97,ND
2007-02-09,5.15,5.16,5.07,4.77,5.02,4.96,ND
2007-02-16,5.17,5.16,5.07,4.75,5.03,4.96,ND
2007-02-23,5.19,5.17,5.05,4.70,5.05,4.97,ND
2007-03-02,5.15,5.12,4.96,4.55,5.01,4.91,ND
2007-03-09,5.11,5.10,4.92,4.53,4.97,4.89,ND
2007-03-16,5.07,5.12,4.93,4.54,4.93,4.91,ND
2007-03-23,5.06,5.10,4.93,4.58,4.92,4.90,ND
2007-03-30,5.06,5.08,4.90,4.63,4.92,4.87,ND
2007-04-06,5.05,5.09,4.94,4.68,4.91,4.88,ND
2007-04-13,5.03,5.10,4.97,4.74,4.89,4.89,ND
2007-04-20,5.00,5.06,4.93,4.69,4.86,4.85,ND
2007-04-27,4.97,5.03,4.90,4.67,4.83,4.83,ND
2007-05-04,4.90,5.02,4.90,4.65,4.77,4.82,ND
2007-05-11,4.88,4.98,4.89,4.65,4.75,4.78,ND
2007-05-18,4.82,4.92,4.86,4.74,4.69,4.72,ND
2007-05-25,4.90,5.00,4.95,4.84,4.77,4.80,ND
2007-06-01,4.82,4.98,4.96,4.90,4.68,4.78,ND
2007-06-08,4.80,4.97,4.98,5.02,4.67,4.77,ND
2007-06-15,4.66,4.93,4.98,5.20,4.53,4.74,ND
2007-06-22,4.69,4.94,4.95,5.14,4.56,4.74,ND
2007-06-29,4.80,4.97,4.94,5.09,4.67,4.77,ND
2007-07-06,4.95,5.02,4.99,5.10,4.81,4.82,ND
2007-07-13,4.96,5.04,5.00,5.10,4.82,4.84,ND
2007-07-20,4.97,5.06,4.99,5.03,4.83,4.86,ND
2007-07-27,4.96,5.03,4.91,4.88,4.82,4.82,ND
2007-08-03,4.91,4.96,4.83,4.77,4.77,4.76,ND
2007-08-10,4.83,4.91,4.78,4.79,4.69,4.72,ND
2007-08-17,4.23,4.52,4.44,4.70,4.11,4.35,ND
2007-08-24,3.70,4.17,4.16,4.62,3.62,4.02,ND
2007-08-31,4.17,4.38,4.30,4.55,4.06,4.22,ND
2007-09-07,4.30,4.39,4.27,4.48,4.18,4.22,ND
2007-09-14,4.04,4.23,4.15,4.42,3.93,4.08,ND
2007-09-21,3.92,4.15,4.11,4.57,3.82,3.99,ND
2007-09-28,3.78,4.08,4.05,4.61,3.69,3.93,ND
2007-10-05,3.96,4.16,4.12,4.57,3.86,4.01,ND
2007-10-12,4.11,4.28,4.24,4.67,4.00,4.12,ND
2007-10-19,4.04,4.21,4.14,4.57,3.93,4.06,ND
2007-10-26,3.95,4.07,3.97,4.39,3.85,3.92,ND
2007-11-02,3.87,4.00,3.93,4.39,3.77,3.86,ND
2007-11-09,3.52,3.78,3.72,4.32,3.43,3.65,ND
2007-11-16,3.40,3.65,3.58,4.22,3.32,3.52,ND
2007-11-23,3.24,3.41,3.30,4.04,3.17,3.30,ND
2007-11-30,3.10,3.35,3.25,3.94,3.02,3.24,ND
2007-12-07,3.08,3.27,3.17,3.97,3.01,3.16,ND
2007-12-14,2.92,3.23,3.20,4.12,2.85,3.13,ND
2007-12-21,2.99,3.35,3.28,4.12,2.92,3.24,ND
2007-12-28,3.25,3.51,3.42,4.21,3.17,3.39,ND
2008-01-04,3.27,3.33,3.18,3.94,3.19,3.22,ND
2008-01-11,3.21,3.21,3.04,3.85,3.14,3.11,ND
2008-01-18,3.09,3.01,2.83,3.72,3.01,2.91,ND
2008-01-25,2.31,2.39,2.31,3.58,2.26,2.32,ND
2008-02-01,2.18,2.25,2.23,3.67,2.13,2.18,ND
2008-02-08,2.19,2.14,2.08,3.66,2.14,2.08,ND
2008-02-15,2.28,2.11,2.04,3.72,2.23,2.05,ND
2008-02-22,2.23,2.14,2.10,3.85,2.18,2.08,ND
2008-02-29,2.01,2.00,1.98,3.78,1.97,1.95,ND
2008-03-07,1.55,1.70,1.66,3.61,1.52,1.66,ND
2008-03-14,1.37,1.49,1.52,3.51,1.34,1.46,ND
2008-03-21,0.82,1.26,1.35,3.39,0.81,1.24,ND
2008-03-28,1.29,1.53,1.60,3.52,1.27,1.50,ND
2008-04-04,1.39,1.54,1.63,3.55,1.37,1.51,ND
2008-04-11,1.33,1.52,1.63,3.54,1.31,1.49,ND
2008-04-18,1.18,1.52,1.67,3.67,1.16,1.48,ND
2008-04-25,1.29,1.67,1.88,3.81,1.28,1.63,ND
2008-05-02,1.45,1.71,1.93,3.83,1.43,1.67,ND
2008-05-09,1.64,1.75,1.94,3.85,1.61,1.71,ND
2008-05-16,1.82,1.89,2.07,3.86,1.79,1.85,ND
2008-05-23,1.85,1.92,2.09,3.84,1.82,1.87,ND
2008-05-30,1.89,1.97,2.19,4.03,1.86,1.92,ND
2008-06-06,1.85,2.00,2.14,3.98,1.82,1.95,2.08
2008-06-13,1.97,2.22,2.51,4.15,1.93,2.17,2.42
2008-06-20,1.95,2.31,2.57,4.20,1.92,2.25,2.48
2008-06-27,1.79,2.21,2.46,4.09,1.75,2.16,2.37
2008-07-04,1.86,2.12,2.35,4.00,1.83,2.07,2.27
2008-07-11,1.77,2.05,2.25,3.90,1.74,2.00,2.17
2008-07-18,1.44,1.91,2.21,3.98,1.41,1.87,2.14
2008-07-25,1.60,1.93,2.33,4.11,1.57,1.88,2.23
2008-08-01,1.70,1.91,2.30,4.04,1.67,1.86,2.22
2008-08-08,1.70,1.95,2.23,3.99,1.67,1.90,2.16
2008-08-15,1.86,2.02,2.18,3.91,1.83,1.97,2.11
2008-08-22,1.75,1.96,2.12,3.83,1.72,1.92,2.05
2008-08-29,1.72,1.96,2.17,3.79,1.69,1.91,2.10
2008-09-05,1.70,1.91,2.08,3.69,1.67,1.87,2.02
2008-09-12,1.62,1.87,2.05,3.66,1.60,1.83,1.99
2008-09-19,0.62,1.29,1.69,3.54,0.62,1.27,1.64
2008-09-26,0.84,1.59,1.95,3.84,0.84,1.56,1.89
2008-10-03,0.77,1.39,1.59,3.70,0.76,1.36,1.55
2008-10-10,0.58,1.05,1.24,3.69,0.57,1.03,1.20
2008-10-17,0.46,1.11,1.25,4.02,0.45,1.08,1.20
2008-10-24,1.05,1.56,1.66,3.74,1.04,1.53,1.61
2008-10-31,0.62,1.13,1.44,3.92,0.61,1.11,1.40
2008-11-07,0.40,0.93,1.24,3.82,0.39,0.92,1.20
2008-11-14,0.21,0.87,1.12,3.78,0.21,0.86,1.09
2008-11-21,0.07,0.64,0.96,3.38,0.07,0.63,0.94
2008-11-28,0.07,0.50,0.93,3.10,0.07,0.50,0.91
2008-12-05,0.04,0.34,0.69,2.66,0.04,0.34,0.66
2008-12-12,0.02,0.23,0.50,2.67,0.02,0.23,0.47
2008-12-19,0.03,0.20,0.45,2.26,0.03,0.20,0.44
2008-12-26,0.02,0.25,0.40,2.18,0.02,0.25,0.38
2009-01-02,0.09,0.27,0.37,2.24,0.09,0.27,0.35
2009-01-09,0.11,0.30,0.44,2.48,0.11,0.30,0.41
2009-01-16,0.12,0.29,0.43,2.30,0.12,0.29,0.41
2009-01-23,0.11,0.30,0.43,2.56,0.11,0.30,0.42
2009-01-30,0.19,0.34,0.49,2.75,0.19,0.34,0.46
2009-02-06,0.29,0.41,0.54,2.92,0.29,0.41,0.50
2009-02-13,0.30,0.45,0.60,2.88,0.30,0.45,0.58
2009-02-20,0.30,0.49,0.64,2.75,0.30,0.48,0.62
2009-02-27,0.29,0.49,0.72,2.91,0.29,0.48,0.69
2009-03-06,0.24,0.42,0.68,2.90,0.24,0.41,0.64
2009-03-13,0.22,0.45,0.70,2.92,0.22,0.44,0.68
2009-03-20,0.22,0.42,0.64,2.75,0.22,0.41,0.62
2009-03-27,0.18,0.40,0.59,2.74,0.18,0.39,0.57
2009-04-03,0.21,0.42,0.58,2.76,0.21,0.41,0.56
2009-04-10,0.19,0.39,0.60,2.93,0.19,0.39,0.58
2009-04-17,0.15,0.35,0.55,2.87,0.15,0.34,0.54
2009-04-24,0.13,0.32,0.52,2.96,0.13,0.32,0.49
2009-05-01,0.13,0.30,0.50,3.10,0.13,0.29,0.47
2009-05-08,0.19,0.32,0.53,3.23,0.19,0.32,0.51
2009-05-15,0.18,0.29,0.52,3.14,0.18,0.29,0.50
2009-05-22,0.18,0.29,0.47,3.29,0.18,0.29,0.45
2009-05-29,0.16,0.30,0.49,3.59,0.16,0.30,0.46
2009-06-05,0.15,0.29,0.50,3.70,0.15,0.29,0.48
2009-06-12,0.19,0.31,0.56,3.89,0.19,0.31,0.54
2009-06-19,0.18,0.31,0.51,3.75,0.17,0.31,0.48
2009-06-26,0.19,0.32,0.48,3.63,0.19,0.32,0.44
2009-07-03,0.18,0.34,0.53,3.53,0.18,0.34,0.51
2009-07-10,0.19,0.27,0.46,3.42,0.19,0.27,0.45
2009-07-17,0.18,0.28,0.48,3.55,0.18,0.28,0.45
2009-07-24,0.19,0.28,0.47,3.62,0.19,0.28,0.44
2009-07-31,0.19,0.26,0.49,3.67,0.19,0.26,0.47
2009-08-07,0.18,0.29,0.49,3.77,0.18,0.28,0.47
2009-08-14,0.18,0.28,0.47,3.67,0.18,0.27,0.44
2009-08-21,0.17,0.26,0.44,3.48,0.17,0.26,0.40
2009-08-28,0.16,0.26,0.45,3.46,0.16,0.25,0.44
2009-09-04,0.14,0.23,0.42,3.37,0.14,0.23,0.41
2009-09-11,0.14,0.22,0.40,3.41,0.14,0.22,0.38
2009-09-18,0.11,0.20,0.40,3.46,0.11,0.20,0.36
2009-09-25,0.11,0.20,0.41,3.43,0.11,0.20,0.39
2009-10-02,0.12,0.17,0.39,3.28,0.12,0.17,0.37
2009-10-09,0.08,0.15,0.36,3.28,0.08,0.15,0.34
2009-10-16,0.07,0.16,0.36,3.43,0.07,0.16,0.32
2009-10-23,0.07,0.17,0.39,3.43,0.07,0.17,0.37
2009-10-30,0.07,0.17,0.39,3.49,0.07,0.17,0.38
2009-11-06,0.05,0.16,0.36,3.53,0.05,0.16,0.34
2009-11-13,0.07,0.17,0.33,3.48,0.07,0.17,0.30
2009-11-20,0.04,0.15,0.29,3.35,0.04,0.15,0.28
2009-11-27,0.05,0.14,0.27,3.30,0.05,0.14,0.26
2009-12-04,0.06,0.16,0.29,3.34,0.06,0.16,0.27
2009-12-11,0.03,0.15,0.32,3.47,0.03,0.15,0.29
2009-12-18,0.04,0.16,0.37,3.56,0.04,0.16,0.36
2009-12-25,0.07,0.18,0.41,3.76,0.07,0.18,0.40
2010-01-01,0.08,0.20,0.47,3.83,0.08,0.20,0.44
2010-01-08,0.06,0.16,0.41,3.83,0.06,0.16,0.37
2010-01-15,0.05,0.14,0.35,3.77,0.05,0.14,0.33
2010-01-22,0.06,0.14,0.31,3.66,0.06,0.14,0.30
2010-01-29,0.07,0.15,0.31,3.66,0.07,0.15,0.29
2010-02-05,0.10,0.17,0.33,3.66,0.10,0.17,0.30
2010-02-12,0.11,0.18,0.35,3.69,0.11,0.18,0.34
2010-02-19,0.10,0.19,0.36,3.74,0.10,0.19,0.35
2010-02-26,0.12,0.19,0.34,3.69,0.12,0.19,0.32
2010-03-05,0.14,0.19,0.34,3.63,0.14,0.19,0.31
2010-03-12,0.16,0.22,0.39,3.72,0.16,0.22,0.38
2010-03-19,0.16,0.24,0.41,3.68,0.16,0.24,0.39
2010-03-26,0.14,0.24,0.42,3.79,0.14,0.24,0.40
2010-04-02,0.16,0.24,0.43,3.89,0.16,0.24,0.40
2010-04-09,0.17,0.25,0.47,3.94,0.17,0.25,0.46
2010-04-16,0.16,0.24,0.44,3.85,0.16,0.24,0.42
2010-04-23,0.16,0.24,0.44,3.81,0.16,0.24,0.41
2010-04-30,0.16,0.24,0.43,3.76,0.16,0.24,0.39
2010-05-07,0.14,0.22,0.39,3.56,0.14,0.21,0.38
2010-05-14,0.16,0.22,0.38,3.54,0.16,0.22,0.37
2010-05-21,0.17,0.23,0.35,3.33,0.17,0.23,0.33
2010-05-28,0.17,0.23,0.36,3.25,0.17,0.23,0.33
2010-06-04,0.15,0.22,0.36,3.31,0.15,0.22,0.35
2010-06-11,0.10,0.18,0.33,3.22,0.10,0.18,0.32
2010-06-18,0.09,0.16,0.30,3.26,0.09,0.16,0.28
2010-06-25,0.13,0.19,0.29,3.17,0.13,0.19,0.27
2010-07-02,0.17,0.22,0.31,2.99,0.17,0.22,0.30
2010-07-09,0.16,0.20,0.31,3.02,0.16,0.20,0.30
2010-07-16,0.15,0.20,0.28,3.05,0.15,0.20,0.27
2010-07-23,0.16,0.20,0.27,2.97,0.16,0.20,0.25
2010-07-30,0.15,0.20,0.30,3.02,0.15,0.20,0.29
2010-08-06,0.16,0.20,0.27,2.94,0.16,0.20,0.26
2010-08-13,0.15,0.19,0.25,2.76,0.15,0.19,0.24
2010-08-20,0.16,0.19,0.25,2.61,0.16,0.19,0.24
2010-08-27,0.16,0.19,0.26,2.56,0.16,0.19,0.26
2010-09-03,0.14,0.19,0.25,2.59,0.14,0.19,0.24
2010-09-10,0.14,0.19,0.26,2.71,0.14,0.19,0.24
2010-09-17,0.15,0.20,0.26,2.74,0.15,0.20,0.25
2010-09-24,0.16,0.20,0.25,2.61,0.16,0.20,0.25
2010-10-01,0.16,0.19,0.26,2.52,0.16,0.19,0.25
2010-10-08,0.13,0.17,0.24,2.45,0.13,0.17,0.23
2010-10-15,0.14,0.17,0.22,2.50,0.14,0.17,0.21
2010-10-22,0.14,0.18,0.22,2.54,0.14,0.18,0.22
2010-10-29,0.13,0.18,0.23,2.67,0.13,0.18,0.22
2010-11-05,0.13,0.16,0.22,2.61,0.13,0.16,0.21
2010-11-12,0.13,0.16,0.24,2.68,0.13,0.16,0.23
2010-11-19,0.14,0.19,0.27,2.89,0.14,0.19,0.26
2010-11-26,0.16,0.20,0.27,2.84,0.16,0.20,0.26
2010-12-03,0.16,0.20,0.28,2.93,0.16,0.20,0.27
2010-12-10,0.14,0.18,0.29,3.18,0.14,0.18,0.27
2010-12-17,0.14,0.19,0.30,3.42,0.14,0.19,0.29
2010-12-24,0.14,0.19,0.30,3.37,0.14,0.19,0.29
2010-12-31,0.14,0.20,0.30,3.38,0.14,0.20,0.28
2011-01-07,0.14,0.19,0.29,3.40,0.14,0.19,0.27
2011-01-14,0.15,0.18,0.27,3.36,0.15,0.18,0.27
2011-01-21,0.16,0.19,0.27,3.42,0.16,0.19,0.26
2011-01-28,0.16,0.17,0.26,3.40,0.16,0.17,0.25
2011-02-04,0.15,0.18,0.28,3.54,0.15,0.18,0.26
2011-02-11,0.14,0.17,0.30,3.68,0.14,0.17,0.29
2011-02-18,0.11,0.16,0.29,3.60,0.11,0.16,0.28
2011-02-25,0.13,0.16,0.27,3.46,0.13,0.16,0.25
2011-03-04,0.13,0.17,0.26,3.47,0.13,0.17,0.24
2011-03-11,0.10,0.15,0.25,3.46,0.10,0.15,0.24
2011-03-18,0.09,0.14,0.23,3.29,0.09,0.14,0.22
2011-03-25,0.09,0.16,0.26,3.38,0.09,0.16,0.24
2011-04-01,0.09,0.17,0.30,3.47,0.09,0.17,0.26
2011-04-08,0.05,0.13,0.27,3.54,0.05,0.13,0.26
2011-04-15,0.06,0.12,0.24,3.51,0.06,0.12,0.23
2011-04-22,0.06,0.11,0.24,3.41,0.06,0.11,0.22
2011-04-29,0.06,0.11,0.22,3.36,0.06,0.11,0.20
2011-05-06,0.03,0.08,0.20,3.24,0.03,0.08,0.19
2011-05-13,0.03,0.07,0.18,3.20,0.03,0.07,0.17
2011-05-20,0.05,0.08,0.19,3.15,0.05,0.08,0.17
2011-05-27,0.06,0.10,0.19,3.10,0.06,0.10,0.17
2011-06-03,0.05,0.11,0.18,3.01,0.05,0.11,0.18
2011-06-10,0.05,0.10,0.18,3.00,0.05,0.10,0.17
2011-06-17,0.05,0.11,0.18,2.99,0.05,0.11,0.17
2011-06-24,0.02,0.09,0.17,2.96,0.02,0.09,0.16
2011-07-01,0.02,0.10,0.19,3.11,0.02,0.10,0.19
2011-07-08,0.02,0.07,0.19,3.12,0.02,0.07,0.18
2011-07-15,0.02,0.06,0.16,2.94,0.02,0.06,0.15
2011-07-22,0.03,0.08,0.18,2.97,0.03,0.08,0.17
2011-07-29,0.07,0.12,0.21,2.97,0.07,0.12,0.20
2011-08-05,0.04,0.09,0.16,2.62,0.04,0.09,0.15
2011-08-12,0.03,0.07,0.11,2.27,0.03,0.07,0.10
2011-08-19,0.02,0.06,0.11,2.17,0.02,0.06,0.10
2011-08-26,0.01,0.03,0.10,2.19,0.01,0.03,0.10
2011-09-02,0.02,0.05,0.10,2.17,0.02,0.05,0.10
2011-09-09,0.02,0.06,0.12,1.99,0.02,0.06,0.11
2011-09-16,0.01,0.04,0.10,2.03,0.01,0.04,0.09
2011-09-23,0.01,0.03,0.10,1.87,0.01,0.03,0.09
2011-09-30,0.02,0.04,0.11,1.97,0.02,0.04,0.11
2011-10-07,0.01,0.04,0.11,1.93,0.01,0.04,0.10
2011-10-14,0.02,0.06,0.11,2.22,0.02,0.06,0.10
2011-10-21,0.03,0.06,0.12,2.20,0.03,0.06,0.12
2011-10-28,0.02,0.06,0.12,2.28,0.02,0.06,0.12
2011-11-04,0.01,0.04,0.12,2.07,0.01,0.04,0.11
2011-11-11,0.01,0.04,0.10,2.05,0.01,0.04,0.09
2011-11-18,0.01,0.04,0.11,2.02,0.01,0.04,0.10
2011-11-25,0.02,0.06,0.12,1.94,0.02,0.06,0.11
2011-12-02,0.02,0.06,0.13,2.04,0.02,0.06,0.12
2011-12-09,0.01,0.05,0.11,2.04,0.01,0.05,0.10
2011-12-16,0.01,0.05,0.11,1.94,0.01,0.05,0.11
2011-12-23,0.01,0.04,0.12,1.95,0.01,0.04,0.11
2011-12-30,0.02,0.06,0.12,1.94,0.02,0.06,0.11
2012-01-06,0.02,0.06,0.12,1.99,0.02,0.06,0.11
2012-01-13,0.02,0.05,0.11,1.95,0.02,0.05,0.11
2012-01-20,0.04,0.07,0.11,1.96,0.04,0.07,0.11
2012-01-27,0.05,0.07,0.12,2.01,0.05,0.07,0.11
2012-02-03,0.07,0.09,0.13,1.88,0.07,0.09,0.12
2012-02-10,0.09,0.11,0.15,1.99,0.09,0.11,0.14
2012-02-17,0.11,0.14,0.17,1.97,0.11,0.14,0.16
2012-02-24,0.09,0.14,0.17,2.01,0.09,0.14,0.16
2012-03-02,0.09,0.13,0.18,1.97,0.09,0.13,0.17
2012-03-09,0.08,0.14,0.18,2.00,0.08,0.14,0.17
2012-03-16,0.09,0.15,0.20,2.21,0.09,0.15,0.19
2012-03-23,0.09,0.15,0.20,2.32,0.09,0.15,0.19
2012-03-30,0.08,0.14,0.18,2.22,0.08,0.14,0.17
2012-04-06,0.08,0.14,0.19,2.21,0.08,0.14,0.19
2012-04-13,0.09,0.14,0.18,2.04,0.09,0.14,0.18
2012-04-20,0.08,0.13,0.18,2.00,0.08,0.13,0.17
2012-04-27,0.09,0.14,0.18,1.98,0.09,0.14,0.17
2012-05-04,0.09,0.15,0.19,1.95,0.09,0.15,0.19
2012-05-11,0.10,0.15,0.18,1.88,0.10,0.15,0.18
2012-05-18,0.09,0.15,0.20,1.74,0.09,0.15,0.19
2012-05-25,0.09,0.14,0.21,1.76,0.09,0.14,0.20
2012-06-01,0.08,0.13,0.19,1.61,0.08,0.13,0.18
2012-06-08,0.09,0.14,0.18,1.61,0.09,0.14,0.18
2012-06-15,0.10,0.15,0.18,1.62,0.10,0.15,0.17
2012-06-22,0.09,0.15,0.19,1.64,0.09,0.15,0.18
2012-06-29,0.09,0.16,0.21,1.64,0.09,0.16,0.21
2012-07-06,0.09,0.15,0.20,1.61,0.09,0.15,0.20
2012-07-13,0.10,0.15,0.20,1.52,0.10,0.15,0.19
2012-07-20,0.09,0.14,0.18,1.52,0.09,0.14,0.17
2012-07-27,0.10,0.15,0.17,1.47,0.10,0.15,0.17
2012-08-03,0.10,0.14,0.17,1.54,0.10,0.14,0.17
2012-08-10,0.11,0.14,0.18,1.65,0.11,0.14,0.18
2012-08-17,0.10,0.14,0.19,1.76,0.10,0.14,0.18
2012-08-24,0.11,0.13,0.19,1.74,0.11,0.13,0.19
2012-08-31,0.10,0.14,0.17,1.63,0.10,0.14,0.17
2012-09-07,0.11,0.14,0.17,1.64,0.11,0.14,0.17
2012-09-14,0.10,0.13,0.18,1.76,0.10,0.13,0.17
2012-09-21,0.11,0.14,0.18,1.81,0.11,0.14,0.18
2012-09-28,0.10,0.14,0.17,1.68,0.10,0.14,0.17
2012-10-05,0.10,0.14,0.17,1.67,0.10,0.14,0.16
2012-10-12,0.10,0.15,0.18,1.71,0.10,0.15,0.17
2012-10-19,0.10,0.15,0.18,1.79,0.10,0.15,0.18
2012-10-26,0.11,0.15,0.19,1.81,0.11,0.15,0.18
2012-11-02,0.11,0.16,0.18,1.74,0.11,0.16,0.17
2012-11-09,0.10,0.15,0.19,1.68,0.10,0.15,0.18
2012-11-16,0.09,0.14,0.17,1.59,0.09,0.14,0.17
2012-11-23,0.09,0.14,0.17,1.67,0.09,0.14,0.17
2012-11-30,0.09,0.14,0.18,1.63,0.09,0.14,0.17
2012-12-07,0.10,0.14,0.18,1.62,0.10,0.14,0.17
2012-12-14,0.07,0.11,0.15,1.69,0.07,0.11,0.15
2012-12-21,0.06,0.11,0.15,1.80,0.06,0.11,0.15
2012-12-28,0.06,0.12,0.16,1.76,0.06,0.12,0.15
2013-01-04,0.07,0.12,0.15,1.87,0.07,0.12,0.14
2013-01-11,0.07,0.10,0.14,1.90,0.07,0.10,0.14
2013-01-18,0.08,0.11,0.14,1.87,0.08,0.11,0.14
2013-01-25,0.08,0.10,0.15,1.90,0.08,0.10,0.14
2013-02-01,0.07,0.11,0.15,2.02,0.07,0.11,0.14
2013-02-08,0.07,0.11,0.15,2.00,0.07,0.11,0.15
2013-02-15,0.10,0.12,0.15,2.01,0.10,0.12,0.15
2013-02-22,0.13,0.13,0.17,2.00,0.13,0.13,0.16
2013-03-01,0.12,0.13,0.17,1.88,0.12,0.13,0.16
2013-03-08,0.10,0.12,0.15,1.96,0.10,0.12,0.15
2013-03-15,0.10,0.12,0.15,2.04,0.10,0.12,0.15
2013-03-22,0.07,0.11,0.15,1.94,0.07,0.11,0.14
2013-03-29,0.08,0.11,0.14,1.90,0.08,0.11,0.13
2013-04-05,0.07,0.10,0.13,1.81,0.07,0.10,0.13
2013-04-12,0.07,0.10,0.12,1.79,0.07,0.10,0.12
2013-04-19,0.06,0.09,0.12,1.73,0.06,0.09,0.12
2013-04-26,0.05,0.09,0.12,1.73,0.05,0.09,0.11
2013-05-03,0.05,0.08,0.11,1.70,0.05,0.08,0.11
2013-05-10,0.04,0.08,0.11,1.83,0.04,0.08,0.11
2013-05-17,0.04,0.08,0.12,1.93,0.04,0.08,0.11
2013-05-24,0.04,0.08,0.12,1.99,0.04,0.08,0.11
2013-05-31,0.05,0.08,0.14,2.14,0.05,0.08,0.13
2013-06-07,0.05,0.08,0.14,2.12,0.05,0.08,0.14
2013-06-14,0.05,0.08,0.14,2.20,0.05,0.08,0.13
2013-06-21,0.05,0.08,0.13,2.33,0.05,0.08,0.12
2013-06-28,0.06,0.11,0.16,2.55,0.06,0.11,0.15
2013-07-05,0.04,0.08,0.15,2.56,0.04,0.08,0.14
2013-07-12,0.04,0.07,0.13,2.64,0.04,0.07,0.12
2013-07-19,0.03,0.07,0.11,2.54,0.03,0.07,0.10
2013-07-26,0.03,0.07,0.11,2.57,0.03,0.07,0.11
2013-08-02,0.04,0.07,0.11,2.64,0.04,0.07,0.11
2013-08-09,0.05,0.08,0.12,2.62,0.05,0.08,0.11
2013-08-16,0.05,0.08,0.12,2.73,0.05,0.08,0.11
2013-08-23,0.04,0.07,0.14,2.86,0.04,0.07,0.13
2013-08-30,0.03,0.06,0.13,2.76,0.03,0.06,0.13
2013-09-06,0.02,0.05,0.15,2.92,0.02,0.05,0.14
2013-09-13,0.02,0.03,0.13,2.92,0.02,0.03,0.11
2013-09-20,0.01,0.04,0.11,2.79,0.01,0.04,0.11
2013-09-27,0.02,0.04,0.10,2.66,0.02,0.04,0.10
2013-10-04,0.02,0.04,0.11,2.64,0.02,0.04,0.10
2013-10-11,0.05,0.07,0.14,2.68,0.05,0.07,0.13
2013-10-18,0.08,0.11,0.14,2.66,0.08,0.11,0.14
2013-10-25,0.04,0.07,0.11,2.55,0.04,0.07,0.11
2013-11-01,0.04,0.08,0.11,2.57,0.04,0.08,0.10
2013-11-08,0.05,0.09,0.11,2.68,0.05,0.09,0.10
2013-11-15,0.08,0.10,0.13,2.74,0.08,0.10,0.13
2013-11-22,0.08,0.10,0.13,2.74,0.08,0.10,0.13
2013-11-29,0.07,0.11,0.13,2.74,0.07,0.11,0.12
2013-12-06,0.06,0.10,0.13,2.84,0.06,0.10,0.12
2013-12-13,0.07,0.10,0.14,2.86,0.07,0.10,0.13
2013-12-20,0.07,0.09,0.13,2.89,0.07,0.09,0.13
2013-12-27,0.07,0.09,0.13,2.99,0.07,0.09,0.12
2014-01-03,0.07,0.10,0.13,3.01,0.07,0.10,0.12
2014-01-10,0.05,0.07,0.13,2.96,0.05,0.07,0.12
2014-01-17,0.04,0.06,0.11,2.86,0.04,0.06,0.11
2014-01-24,0.04,0.06,0.11,2.82,0.04,0.06,0.10
2014-01-31,0.04,0.07,0.11,2.73,0.04,0.07,0.10
2014-02-07,0.07,0.08,0.12,2.68,0.07,0.08,0.12
2014-02-14,0.04,0.09,0.12,2.75,0.04,0.09,0.12
2014-02-21,0.05,0.08,0.12,2.73,0.05,0.08,0.11
2014-02-28,0.05,0.08,0.11,2.69,0.05,0.08,0.10
2014-03-07,0.05,0.08,0.12,2.71,0.05,0.08,0.12
2014-03-14,0.05,0.08,0.12,2.72,0.05,0.08,0.12
2014-03-21,0.06,0.08,0.14,2.74,0.06,0.08,0.13
2014-03-28,0.05,0.07,0.13,2.72,0.05,0.07,0.12
2014-04-04,0.03,0.06,0.12,2.77,0.03,0.06,0.12
2014-04-11,0.04,0.06,0.10,2.68,0.04,0.06,0.10
2014-04-18,0.04,0.05,0.11,2.67,0.04,0.05,0.10
2014-04-25,0.03,0.05,0.11,2.71,0.03,0.05,0.10
2014-05-02,0.03,0.05,0.10,2.66,0.03,0.05,0.10
2014-05-09,0.03,0.05,0.10,2.62,0.03,0.05,0.10
2014-05-16,0.03,0.05,0.09,2.57,0.03,0.05,0.09
2014-05-23,0.03,0.05,0.09,2.54,0.03,0.05,0.08
2014-05-30,0.04,0.06,0.10,2.47,0.04,0.06,0.10
2014-06-06,0.04,0.06,0.10,2.59,0.04,0.06,0.10
2014-06-13,0.04,0.06,0.11,2.62,0.04,0.06,0.10
2014-06-20,0.03,0.06,0.10,2.63,0.03,0.06,0.09
2014-06-27,0.03,0.06,0.11,2.57,0.03,0.06,0.10
2014-07-04,0.02,0.06,0.11,2.60,0.02,0.06,0.11
2014-07-11,0.03,0.06,0.11,2.57,0.03,0.06,0.10
2014-07-18,0.02,0.06,0.11,2.53,0.02,0.06,0.09
2014-07-25,0.03,0.06,0.11,2.49,0.03,0.06,0.11
2014-08-01,0.03,0.06,0.12,2.53,0.03,0.06,0.11
2014-08-08,0.03,0.05,0.11,2.47,0.03,0.05,0.10
2014-08-15,0.04,0.05,0.10,2.41,0.04,0.05,0.09
2014-08-22,0.03,0.06,0.11,2.41,0.03,0.06,0.10
2014-08-29,0.03,0.05,0.11,2.37,0.03,0.05,0.10
2014-09-05,0.03,0.05,0.10,2.44,0.03,0.05,0.09
2014-09-12,0.02,0.05,0.11,2.54,0.02,0.05,0.09
2014-09-19,0.02,0.04,0.12,2.61,0.02,0.04,0.12
2014-09-26,0.01,0.03,0.10,2.55,0.01,0.03,0.10
2014-10-03,0.02,0.04,0.11,2.47,0.02,0.04,0.10
2014-10-10,0.01,0.05,0.10,2.36,0.01,0.05,0.09
2014-10-17,0.02,0.05,0.10,2.19,0.02,0.05,0.10
2014-10-24,0.02,0.06,0.11,2.25,0.02,0.06,0.10
2014-10-31,0.02,0.06,0.11,2.32,0.02,0.06,0.10
2014-11-07,0.03,0.06,0.12,2.36,0.03,0.06,0.10
2014-11-14,0.02,0.07,0.14,2.36,0.02,0.07,0.14
2014-11-21,0.02,0.07,0.14,2.33,0.02,0.07,0.13
2014-11-28,0.02,0.07,0.14,2.25,0.02,0.07,0.13
2014-12-05,0.02,0.08,0.15,2.27,0.02,0.08,0.13
2014-12-12,0.03,0.10,0.20,2.19,0.03,0.10,0.20
2014-12-19,0.04,0.11,0.23,2.14,0.04,0.11,0.22
2014-12-26,0.03,0.14,0.27,2.24,0.03,0.14,0.25
2015-01-02,0.03,0.12,0.25,2.18,0.03,0.12,0.22
2015-01-09,0.03,0.09,0.24,2.00,0.03,0.09,0.23
2015-01-16,0.03,0.08,0.18,1.86,0.03,0.08,0.17
2015-01-23,0.03,0.08,0.17,1.85,0.03,0.08,0.16
2015-01-30,0.02,0.08,0.17,1.77,0.02,0.08,0.15
2015-02-06,0.02,0.07,0.21,1.81,0.02,0.07,0.20
2015-02-13,0.01,0.07,0.24,2.00,0.01,0.07,0.23
2015-02-20,0.02,0.07,0.24,2.11,0.02,0.07,0.22
2015-02-27,0.02,0.07,0.22,2.01,0.02,0.07,0.19
2015-03-06,0.02,0.08,0.25,2.13,0.02,0.08,0.24
2015-03-13,0.03,0.10,0.25,2.14,0.03,0.10,0.24
2015-03-20,0.03,0.13,0.25,2.00,0.03,0.13,0.23
2015-03-27,0.03,0.12,0.26,1.94,0.03,0.12,0.24
2015-04-03,0.03,0.12,0.25,1.91,0.03,0.12,0.24
2015-04-10,0.03,0.10,0.22,1.93,0.03,0.10,0.21
2015-04-17,0.02,0.09,0.23,1.90,0.02,0.09,0.21
2015-04-24,0.03,0.10,0.24,1.94,0.03,0.10,0.22
2015-05-01,0.01,0.07,0.25,2.03,0.01,0.07,0.23
2015-05-08,0.01,0.08,0.24,2.19,0.01,0.08,0.23
2015-05-15,0.02,0.09,0.24,2.24,0.02,0.09,0.22
2015-05-22,0.02,0.08,0.23,2.23,0.02,0.08,0.20
2015-05-29,0.01,0.08,0.26,2.13,0.01,0.08,0.24
2015-06-05,0.02,0.07,0.27,2.31,0.02,0.07,0.26
2015-06-12,0.02,0.09,0.28,2.42,0.02,0.09,0.26
2015-06-19,0.01,0.09,0.27,2.32,0.01,0.09,0.24
2015-06-26,0.01,0.08,0.29,2.41,0.01,0.08,0.28
2015-07-03,0.01,0.11,0.27,2.38,0.01,0.11,0.26
2015-07-10,0.02,0.08,0.26,2.31,0.02,0.08,0.24
2015-07-17,0.02,0.10,0.28,2.38,0.02,0.10,0.25
2015-07-24,0.04,0.13,0.33,2.32,0.04,0.13,0.31
2015-07-31,0.06,0.14,0.33,2.25,0.06,0.14,0.32
2015-08-07,0.07,0.19,0.36,2.22,0.07,0.19,0.34
2015-08-14,0.10,0.24,0.39,2.18,0.10,0.23,0.36
2015-08-21,0.05,0.23,0.39,2.12,0.05,0.22,0.38
2015-08-28,0.06,0.21,0.36,2.14,0.06,0.21,0.34
2015-09-04,0.04,0.25,0.37,2.18,0.04,0.25,0.35
2015-09-11,0.04,0.26,0.39,2.21,0.04,0.26,0.36
2015-09-18,0.04,0.21,0.41,2.22,0.04,0.21,0.40
2015-09-25,0.01,0.09,0.34,2.16,0.00,0.09,0.33
2015-10-02,0.00,0.08,0.31,2.05,-0.00,0.08,0.29
2015-10-09,0.00,0.07,0.27,2.09,0.00,0.07,0.24
2015-10-16,0.01,0.08,0.23,2.03,0.01,0.08,0.22
2015-10-23,0.01,0.12,0.23,2.06,0.01,0.12,0.22
2015-10-30,0.05,0.20,0.31,2.11,0.05,0.20,0.29
2015-11-06,0.06,0.28,0.41,2.26,0.06,0.28,0.38
2015-11-13,0.14,0.34,0.50,2.32,0.14,0.33,0.48
2015-11-20,0.13,0.32,0.49,2.26,0.13,0.32,0.47
2015-11-27,0.17,0.37,0.51,2.24,0.17,0.37,0.48
2015-12-04,0.22,0.44,0.54,2.23,0.21,0.43,0.51
2015-12-11,0.26,0.55,0.71,2.21,0.26,0.54,0.69
2015-12-18,0.24,0.51,0.69,2.25,0.24,0.50,0.67
2015-12-25,0.21,0.49,0.65,2.24,0.21,0.48,0.62
2016-01-01,0.21,0.49,0.66,2.29,0.21,0.48,0.62
2016-01-08,0.21,0.47,0.65,2.19,0.21,0.46,0.63
2016-01-15,0.23,0.44,0.58,2.10,0.22,0.43,0.56
2016-01-22,0.28,0.38,0.46,2.04,0.28,0.37,0.44
2016-01-29,0.32,0.44,0.47,2.00,0.32,0.43,0.44
2016-02-05,0.32,0.46,0.52,1.89,0.32,0.45,0.51
2016-02-12,0.30,0.41,0.51,1.71,0.30,0.40,0.49
2016-02-19,0.30,0.44,0.53,1.78,0.30,0.43,0.51
2016-02-26,0.33,0.46,0.56,1.75,0.32,0.45,0.54
2016-03-04,0.32,0.48,0.66,1.82,0.31,0.47,0.65
2016-03-11,0.31,0.49,0.68,1.91,0.31,0.48,0.66
2016-03-18,0.32,0.48,0.67,1.93,0.31,0.47,0.65
2016-03-25,0.30,0.46,0.64,1.91,0.30,0.45,0.61
2016-04-01,0.23,0.42,0.62,1.82,0.23,0.41,0.61
2016-04-08,0.23,0.36,0.55,1.74,0.23,0.35,0.54
2016-04-15,0.22,0.36,0.54,1.77,0.22,0.35,0.52
2016-04-22,0.22,0.36,0.54,1.84,0.22,0.36,0.52
2016-04-29,0.23,0.40,0.58,1.88,0.23,0.40,0.56
2016-05-06,0.20,0.40,0.52,1.81,0.20,0.39,0.51
2016-05-13,0.26,0.37,0.53,1.75,0.26,0.36,0.51
2016-05-20,0.30,0.42,0.62,1.82,0.30,0.41,0.59
2016-05-27,0.33,0.47,0.68,1.85,0.33,0.46,0.66
2016-06-03,0.31,0.47,0.67,1.80,0.30,0.46,0.65
2016-06-10,0.26,0.43,0.59,1.70,0.26,0.42,0.57
2016-06-17,0.27,0.38,0.53,1.61,0.27,0.37,0.51
2016-06-24,0.28,0.41,0.55,1.68,0.28,0.40,0.54
2016-07-01,0.27,0.36,0.45,1.47,0.26,0.35,0.44
2016-07-08,0.28,0.36,0.46,1.38,0.28,0.35,0.45
2016-07-15,0.31,0.41,0.52,1.51,0.31,0.40,0.50
2016-07-22,0.32,0.44,0.55,1.58,0.32,0.43,0.53
2016-07-29,0.29,0.41,0.53,1.53,0.29,0.40,0.52
2016-08-05,0.28,0.42,0.52,1.54,0.28,0.41,0.51
2016-08-12,0.29,0.44,0.56,1.54,0.29,0.43,0.54
2016-08-19,0.30,0.45,0.58,1.56,0.29,0.44,0.56
2016-08-26,0.31,0.46,0.59,1.57,0.31,0.45,0.58
2016-09-02,0.33,0.47,0.61,1.58,0.33,0.46,0.59
2016-09-09,0.34,0.49,0.57,1.59,0.34,0.48,0.55
2016-09-16,0.33,0.52,0.61,1.70,0.33,0.51,0.59
2016-09-23,0.24,0.44,0.60,1.66,0.24,0.44,0.59
2016-09-30,0.27,0.43,0.59,1.58,0.26,0.43,0.57
2016-10-07,0.33,0.47,0.65,1.70,0.32,0.46,0.62
2016-10-14,0.34,0.47,0.67,1.78,0.33,0.46,0.66
2016-10-21,0.34,0.47,0.66,1.76,0.34,0.47,0.64
2016-10-28,0.32,0.48,0.67,1.81,0.32,0.48,0.65
2016-11-04,0.36,0.51,0.64,1.82,0.36,0.51,0.62
2016-11-11,0.44,0.56,0.70,1.98,0.44,0.55,0.68
2016-11-18,0.48,0.62,0.77,2.26,0.47,0.61,0.75
2016-11-25,0.49,0.62,0.79,2.34,0.48,0.61,0.76
2016-12-02,0.48,0.61,0.80,2.37,0.48,0.60,0.76
2016-12-09,0.51,0.63,0.84,2.40,0.50,0.62,0.81
2016-12-16,0.52,0.65,0.89,2.54,0.52,0.64,0.87
2016-12-23,0.52,0.65,0.88,2.55,0.51,0.64,0.85
2016-12-30,0.51,0.63,0.87,2.51,0.50,0.62,0.83
2017-01-06,0.53,0.63,0.86,2.43,0.52,0.62,0.84
2017-01-13,0.52,0.60,0.82,2.38,0.51,0.59,0.80
2017-01-20,0.53,0.62,0.82,2.43,0.52,0.61,0.79
2017-01-27,0.51,0.61,0.81,2.48,0.50,0.60,0.77
2017-02-03,0.51,0.64,0.83,2.48,0.51,0.63,0.80
2017-02-10,0.54,0.63,0.80,2.39,0.53,0.62,0.78
2017-02-17,0.53,0.66,0.83,2.46,0.53,0.65,0.80
2017-02-24,0.52,0.67,0.82,2.39,0.52,0.66,0.78
2017-03-03,0.61,0.77,0.91,2.43,0.60,0.75,0.89
2017-03-10,0.74,0.87,1.02,2.55,0.73,0.85,0.99
2017-03-17,0.75,0.90,1.03,2.55,0.74,0.88,1.00
2017-03-24,0.77,0.90,1.00,2.42,0.76,0.88,0.96
2017-03-31,0.78,0.91,1.03,2.40,0.77,0.89,1.00
2017-04-07,0.80,0.93,1.04,2.35,0.79,0.91,1.01
2017-04-14,0.82,0.95,1.05,2.30,0.81,0.93,1.02
2017-04-21,0.81,0.93,1.02,2.23,0.80,0.91,0.99
2017-04-28,0.81,0.98,1.06,2.31,0.80,0.96,1.04
2017-05-05,0.85,1.00,1.10,2.33,0.84,0.98,1.07
2017-05-12,0.90,1.03,1.13,2.39,0.88,1.01,1.10
2017-05-19,0.91,1.02,1.10,2.27,0.90,1.00,1.07
2017-05-26,0.93,1.07,1.15,2.26,0.92,1.05,1.12
2017-06-02,0.97,1.07,1.16,2.20,0.95,1.05,1.13
2017-06-09,0.99,1.09,1.18,2.18,0.97,1.07,1.15
2017-06-16,1.01,1.12,1.21,2.18,0.99,1.10,1.17
2017-06-23,0.99,1.12,1.22,2.16,0.97,1.10,1.19
2017-06-30,1.02,1.13,1.22,2.23,1.00,1.11,1.19
2017-07-07,1.05,1.14,1.23,2.36,1.03,1.12,1.20
2017-07-14,1.05,1.13,1.22,2.35,1.03,1.11,1.18
2017-07-21,1.11,1.11,1.22,2.27,1.09,1.09,1.18
2017-07-28,1.13,1.13,1.23,2.30,1.11,1.11,1.20
2017-08-04,1.08,1.14,1.23,2.27,1.06,1.12,1.20
2017-08-11,1.04,1.15,1.22,2.24,1.03,1.13,1.19
2017-08-18,1.02,1.13,1.24,2.22,1.00,1.11,1.20
2017-08-25,1.01,1.11,1.23,2.19,0.99,1.09,1.20
2017-09-01,1.01,1.11,1.23,2.14,1.00,1.09,1.20
2017-09-08,1.05,1.15,1.23,2.07,1.03,1.13,1.20
2017-09-15,1.04,1.16,1.27,2.18,1.03,1.14,1.24
2017-09-22,1.04,1.19,1.31,2.26,1.02,1.17,1.28
2017-09-29,1.06,1.19,1.31,2.28,1.04,1.17,1.28
2017-10-06,1.06,1.21,1.33,2.34,1.04,1.19,1.29
2017-10-13,1.09,1.26,1.41,2.33,1.07,1.24,1.38
2017-10-20,1.10,1.25,1.42,2.33,1.08,1.23,1.38
2017-10-27,1.11,1.27,1.43,2.42,1.09,1.25,1.39
2017-11-03,1.16,1.28,1.45,2.36,1.14,1.26,1.41
2017-11-10,1.22,1.34,1.52,2.34,1.20,1.32,1.48
2017-11-17,1.26,1.40,1.57,2.37,1.24,1.37,1.53
2017-11-24,1.30,1.45,1.62,2.35,1.27,1.42,1.57
2017-12-01,1.28,1.44,1.62,2.36,1.26,1.41,1.57
2017-12-08,1.29,1.47,1.66,2.36,1.27,1.44,1.62
2017-12-15,1.32,1.48,1.70,2.37,1.30,1.45,1.65
2017-12-22,1.36,1.52,1.72,2.46,1.34,1.49,1.67
2017-12-29,1.42,1.53,1.76,2.43,1.40,1.50,1.70
2018-01-05,1.41,1.60,1.82,2.46,1.39,1.57,1.77
2018-01-12,1.43,1.59,1.78,2.54,1.41,1.56,1.73
2018-01-19,1.45,1.63,1.79,2.59,1.43,1.60,1.73
2018-01-26,1.43,1.64,1.79,2.65,1.41,1.61,1.73
2018-02-02,1.46,1.65,1.87,2.75,1.44,1.62,1.82
2018-02-09,1.54,1.71,1.89,2.82,1.52,1.67,1.83
2018-02-16,1.60,1.82,1.97,2.87,1.58,1.78,1.91
2018-02-23,1.64,1.85,2.02,2.91,1.62,1.81,1.95
2018-03-02,1.65,1.86,2.06,2.86,1.63,1.82,2.00
2018-03-09,1.68,1.88,2.05,2.88,1.65,1.83,1.99
2018-03-16,1.75,1.93,2.06,2.84,1.72,1.88,1.99
2018-03-23,1.76,1.96,2.06,2.86,1.73,1.91,1.99
2018-03-30,1.76,1.94,2.09,2.79,1.73,1.89,2.03
2018-04-06,1.74,1.92,2.07,2.78,1.71,1.87,2.01
2018-04-13,1.75,1.95,2.10,2.80,1.72,1.90,2.03
2018-04-20,1.81,2.01,2.18,2.88,1.78,1.96,2.10
2018-04-27,1.85,2.03,2.25,2.99,1.81,1.98,2.18
2018-05-04,1.85,2.03,2.24,2.96,1.81,1.98,2.17
2018-05-11,1.89,2.05,2.27,2.97,1.85,2.00,2.19
2018-05-18,1.92,2.09,2.31,3.07,1.88,2.04,2.22
2018-05-25,1.92,2.11,2.31,3.01,1.88,2.06,2.23
2018-06-01,1.93,2.08,2.23,2.83,1.89,2.03,2.16
2018-06-08,1.94,2.13,2.31,2.94,1.90,2.08,2.23
2018-06-15,1.94,2.09,2.34,2.95,1.90,2.04,2.25
2018-06-22,1.94,2.13,2.34,2.91,1.90,2.08,2.27
2018-06-29,1.93,2.12,2.33,2.85,1.89,2.07,2.26
2018-07-06,1.97,2.13,2.33,2.84,1.94,2.07,2.25
2018-07-13,1.98,2.15,2.36,2.85,1.94,2.10,2.28
2018-07-20,2.00,2.17,2.40,2.86,1.97,2.12,2.32
2018-07-27,2.00,2.19,2.42,2.96,1.96,2.14,2.34
2018-08-03,2.03,2.22,2.44,2.97,1.99,2.16,2.35
2018-08-10,2.06,2.24,2.44,2.94,2.02,2.18,2.35
2018-08-17,2.07,2.24,2.44,2.87,2.03,2.18,2.36
2018-08-24,2.08,2.24,2.44,2.83,2.04,2.19,2.36
2018-08-31,2.12,2.27,2.47,2.87,2.08,2.22,2.38
2018-09-07,2.14,2.30,2.50,2.91,2.10,2.24,2.41
2018-09-14,2.15,2.32,2.55,2.97,2.11,2.27,2.47
2018-09-21,2.17,2.36,2.58,3.05,2.13,2.31,2.49
2018-09-28,2.20,2.37,2.59,3.07,2.16,2.31,2.50
2018-10-05,2.23,2.41,2.62,3.14,2.19,2.35,2.52
2018-10-12,2.27,2.45,2.66,3.18,2.22,2.39,2.57
2018-10-19,2.31,2.47,2.67,3.18,2.27,2.41,2.58
2018-10-26,2.34,2.48,2.66,3.14,2.29,2.42,2.56
2018-11-02,2.33,2.49,2.67,3.14,2.29,2.43,2.57
2018-11-09,2.36,2.52,2.73,3.21,2.31,2.46,2.63
2018-11-16,2.37,2.52,2.70,3.11,2.33,2.46,2.61
2018-11-23,2.40,2.52,2.67,3.06,2.35,2.46,2.58
2018-11-30,2.39,2.53,2.70,3.05,2.34,2.47,2.60
2018-12-07,2.40,2.56,2.70,2.90,2.36,2.49,2.61
2018-12-14,2.42,2.55,2.69,2.89,2.38,2.49,2.60
2018-12-21,2.39,2.54,2.64,2.81,2.35,2.47,2.55
2018-12-28,2.43,2.51,2.59,2.76,2.38,2.45,2.52
2019-01-04,2.43,2.51,2.58,2.65,2.38,2.45,2.49
2019-01-11,2.44,2.52,2.59,2.72,2.40,2.46,2.51
2019-01-18,2.43,2.51,2.58,2.74,2.38,2.45,2.50
2019-01-25,2.40,2.51,2.59,2.75,2.35,2.45,2.51
2019-02-01,2.41,2.49,2.58,2.70,2.36,2.43,2.50
2019-02-08,2.42,2.49,2.56,2.68,2.37,2.43,2.48
2019-02-15,2.44,2.51,2.55,2.67,2.39,2.45,2.47
2019-02-22,2.45,2.51,2.55,2.66,2.41,2.45,2.47
2019-03-01,2.45,2.51,2.55,2.70,2.40,2.45,2.47
2019-03-08,2.46,2.53,2.53,2.68,2.41,2.46,2.45
2019-03-15,2.45,2.53,2.52,2.62,2.40,2.46,2.44
2019-03-22,2.47,2.50,2.48,2.55,2.41,2.43,2.41
2019-03-29,2.44,2.46,2.41,2.41,2.39,2.39,2.33
2019-04-05,2.43,2.46,2.41,2.50,2.38,2.39,2.33
2019-04-12,2.43,2.47,2.43,2.52,2.38,2.40,2.35
2019-04-19,2.43,2.47,2.44,2.58,2.38,2.40,2.36
2019-04-26,2.44,2.46,2.43,2.55,2.39,2.39,2.35
2019-05-03,2.44,2.46,2.40,2.53,2.39,2.39,2.32
2019-05-10,2.43,2.46,2.37,2.47,2.38,2.39,2.30
2019-05-17,2.41,2.43,2.32,2.40,2.36,2.36,2.25
2019-05-24,2.38,2.41,2.34,2.37,2.33,2.34,2.27
2019-05-31,2.37,2.38,2.28,2.22,2.32,2.31,2.21
2019-06-07,2.33,2.24,2.05,2.10,2.28,2.18,2.00
2019-06-14,2.24,2.20,2.02,2.12,2.19,2.14,1.97
2019-06-21,2.18,2.12,1.98,2.05,2.13,2.06,1.92
2019-06-28,2.13,2.11,1.93,2.02,2.08,2.05,1.88
2019-07-05,2.21,2.10,1.94,2.00,2.16,2.05,1.89
2019-07-12,2.21,2.10,1.97,2.09,2.16,2.05,1.92
2019-07-19,2.11,2.04,1.95,2.07,2.07,1.99,1.89
2019-07-26,2.09,2.09,1.98,2.07,2.05,2.03,1.92
2019-08-02,2.08,2.07,1.94,1.98,2.04,2.01,1.89
2019-08-09,2.03,1.97,1.78,1.73,1.99,1.92,1.74
2019-08-16,1.95,1.91,1.77,1.60,1.91,1.86,1.72
2019-08-23,1.96,1.89,1.75,1.58,1.92,1.85,1.71
2019-08-30,1.99,1.90,1.75,1.50,1.95,1.85,1.71
2019-09-06,1.97,1.88,1.72,1.52,1.93,1.83,1.69
2019-09-13,1.96,1.89,1.81,1.76,1.92,1.84,1.76
2019-09-20,1.95,1.92,1.86,1.80,1.91,1.87,1.81
2019-09-27,1.88,1.89,1.79,1.70,1.84,1.84,1.74
2019-10-04,1.78,1.74,1.66,1.60,1.74,1.70,1.63
2019-10-11,1.70,1.69,1.63,1.62,1.67,1.65,1.59
2019-10-18,1.66,1.64,1.60,1.76,1.63,1.60,1.56
2019-10-25,1.66,1.65,1.59,1.78,1.63,1.61,1.55
2019-11-01,1.59,1.61,1.57,1.78,1.56,1.57,1.53
2019-11-08,1.55,1.58,1.58,1.86,1.52,1.54,1.54
2019-11-15,1.58,1.59,1.56,1.87,1.55,1.55,1.52
2019-11-22,1.57,1.58,1.55,1.77,1.54,1.54,1.51
2019-11-29,1.61,1.62,1.59,1.76,1.58,1.58,1.55
2019-12-06,1.56,1.57,1.57,1.79,1.53,1.53,1.53
2019-12-13,1.56,1.57,1.55,1.84,1.53,1.53,1.51
2019-12-20,1.57,1.58,1.53,1.91,1.54,1.54,1.49
2019-12-27,1.58,1.60,1.53,1.90,1.55,1.56,1.49
2020-01-03,1.55,1.58,1.57,1.88,1.52,1.54,1.53
2020-01-10,1.54,1.56,1.54,1.84,1.51,1.52,1.50
2020-01-17,1.56,1.57,1.54,1.82,1.53,1.53,1.50
2020-01-24,1.55,1.56,1.55,1.75,1.52,1.52,1.51
2020-01-31,1.56,1.57,1.50,1.59,1.53,1.53,1.46
2020-02-07,1.57,1.57,1.49,1.61,1.54,1.53,1.45
2020-02-14,1.58,1.56,1.48,1.59,1.55,1.52,1.44
2020-02-21,1.58,1.55,1.46,1.52,1.55,1.51,1.43
2020-02-28,1.46,1.36,1.21,1.29,1.43,1.33,1.19
2020-03-06,0.77,0.68,0.62,0.96,0.76,0.67,0.60
2020-03-13,0.36,0.37,0.38,0.79,0.35,0.36,0.37
2020-03-20,0.11,0.14,0.23,0.99,0.11,0.14,0.21
2020-03-27,0.01,0.06,0.17,0.81,-0.01,0.06,0.17
2020-04-03,0.10,0.14,0.15,0.65,0.10,0.14,0.15
2020-04-10,0.19,0.21,0.22,0.73,0.19,0.21,0.22
2020-04-17,0.17,0.21,0.21,0.68,0.17,0.21,0.21
2020-04-24,0.12,0.14,0.17,0.61,0.12,0.14,0.17
2020-05-01,0.11,0.13,0.17,0.64,0.11,0.13,0.17
2020-05-08,0.12,0.15,0.16,0.67,0.12,0.15,0.16
2020-05-15,0.12,0.15,0.15,0.67,0.12,0.15,0.15
2020-05-22,0.12,0.15,0.16,0.69,0.12,0.15,0.16
2020-05-29,0.15,0.18,0.17,0.68,0.15,0.18,0.17
2020-06-05,0.15,0.18,0.17,0.77,0.15,0.18,0.17
2020-06-12,0.17,0.19,0.19,0.77,0.17,0.19,0.19
2020-06-19,0.17,0.18,0.18,0.72,0.17,0.18,0.18
2020-06-26,0.15,0.17,0.17,0.69,0.15,0.17,0.17
2020-07-03,0.15,0.17,0.16,0.67,0.15,0.17,0.16
2020-07-10,0.14,0.16,0.15,0.66,0.14,0.16,0.15
2020-07-17,0.13,0.14,0.15,0.63,0.13,0.14,0.15
2020-07-24,0.12,0.14,0.15,0.60,0.12,0.14,0.15
2020-07-31,0.10,0.12,0.13,0.58,0.10,0.12,0.13
2020-08-07,0.10,0.11,0.13,0.55,0.10,0.11,0.13
2020-08-14,0.11,0.12,0.14,0.67,0.11,0.12,0.14
2020-08-21,0.10,0.12,0.13,0.67,0.10,0.12,0.13
2020-08-28,0.11,0.12,0.13,0.70,0.11,0.12,0.13
2020-09-04,0.11,0.12,0.12,0.68,0.11,0.12,0.12
2020-09-11,0.12,0.13,0.14,0.69,0.12,0.13,0.14
2020-09-18,0.11,0.12,0.13,0.69,0.11,0.12,0.13
2020-09-25,0.10,0.11,0.12,0.67,0.10,0.11,0.12
2020-10-02,0.10,0.11,0.12,0.68,0.10,0.11,0.12
2020-10-09,0.10,0.12,0.13,0.78,0.10,0.12,0.13
2020-10-16,0.11,0.12,0.13,0.74,0.11,0.12,0.13
2020-10-23,0.10,0.11,0.13,0.83,0.10,0.11,0.13
2020-10-30,0.10,0.11,0.12,0.82,0.10,0.11,0.12
2020-11-06,0.10,0.11,0.13,0.83,0.10,0.11,0.13
2020-11-13,0.10,0.11,0.12,0.93,0.10,0.11,0.12
2020-11-20,0.08,0.10,0.11,0.87,0.08,0.10,0.11
2020-11-27,0.09,0.09,0.11,0.87,0.09,0.09,0.11
2020-12-04,0.09,0.10,0.11,0.92,0.09,0.10,0.11
2020-12-11,0.08,0.09,0.10,0.93,0.08,0.09,0.10
2020-12-18,0.08,0.09,0.09,0.93,0.08,0.09,0.09
2020-12-25,0.09,0.09,0.09,0.95,0.09,0.09,0.09
2021-01-01,0.10,0.10,0.11,0.94,0.10,0.10,0.11
2021-01-08,0.09,0.09,0.10,1.03,0.09,0.09,0.10
2021-01-15,0.09,0.10,0.11,1.13,0.09,0.10,0.11
2021-01-22,0.09,0.10,0.10,1.11,0.09,0.10,0.10
2021-01-29,0.07,0.08,0.09,1.06,0.07,0.08,0.09
2021-02-05,0.05,0.07,0.07,1.14,0.05,0.07,0.07
2021-02-12,0.05,0.06,0.07,1.18,0.05,0.06,0.07
2021-02-19,0.04,0.06,0.07,1.31,0.04,0.06,0.07
2021-02-26,0.04,0.05,0.08,1.42,0.04,0.05,0.08
2021-03-05,0.04,0.07,0.08,1.49,0.04,0.07,0.08